{
	"IcoMoonType": "selection",
	"icons": [
		{
			"icon": {
				"paths": [
					"M366.336 238.336c-33.323 33.323-33.323 87.339 0 120.661l152.96 153.003-152.96 153.003c-33.323 33.323-33.323 87.339 0 120.661 16.64 16.683 38.485 25.003 60.331 25.003s43.691-8.32 60.331-25.003l273.707-273.664-273.707-273.664c-33.28-33.323-87.381-33.323-120.661 0z"
				],
				"attrs": [],
				"isMulticolor": false,
				"tags": [
					"chevron-right"
				],
				"grid": 24
			},
			"attrs": [],
			"properties": {
				"id": 6,
				"order": 94,
				"prevSize": 24,
				"code": 58928,
				"name": "chevron-right"
			},
			"setIdx": 0,
			"setId": 3,
			"iconIdx": 6
		},
		{
			"icon": {
				"paths": [
					"M614.997 238.336c-33.28-33.323-87.381-33.323-120.661 0l-273.707 273.664 273.707 273.664c16.64 16.683 38.485 25.003 60.331 25.003s43.691-8.32 60.331-25.003c33.323-33.323 33.323-87.339 0-120.661l-152.96-153.003 152.96-153.003c33.323-33.323 33.323-87.339-0-120.661z"
				],
				"attrs": [],
				"isMulticolor": false,
				"tags": [
					"chevron-left"
				],
				"grid": 24
			},
			"attrs": [],
			"properties": {
				"id": 7,
				"order": 95,
				"prevSize": 24,
				"code": 58929,
				"name": "chevron-left"
			},
			"setIdx": 0,
			"setId": 3,
			"iconIdx": 7
		},
		{
			"icon": {
				"paths": [
					"M214 470h596l-64-192h-468zM746 682q26 0 45-19t19-45-19-45-45-19-45 19-19 45 19 45 45 19zM278 682q26 0 45-19t19-45-19-45-45-19-45 19-19 45 19 45 45 19zM808 256l88 256v342q0 18-12 30t-30 12h-44q-18 0-30-12t-12-30v-44h-512v44q0 18-12 30t-30 12h-44q-18 0-30-12t-12-30v-342l88-256q12-42 62-42h106v-86h256v86h106q50 0 62 42z"
				],
				"attrs": [
					{}
				],
				"isMulticolor": false,
				"tags": [
					"local_taxi"
				],
				"defaultCode": 57841,
				"grid": 24
			},
			"attrs": [
				{}
			],
			"properties": {
				"order": 29,
				"id": 497,
				"prevSize": 24,
				"code": 57841,
				"name": "local_taxi",
				"ligatures": "local_taxi"
			},
			"setIdx": 2,
			"setId": 1,
			"iconIdx": 30
		},
		{
			"icon": {
				"paths": [
					"M512 726q88 0 151-63t63-151-63-151-151-63-151 63-63 151 63 151 151 63zM384 86h256l78 84h136q34 0 59 26t25 60v512q0 34-25 60t-59 26h-684q-34 0-59-26t-25-60v-512q0-34 25-60t59-26h136zM376 512q0-56 40-96t96-40 96 40 40 96-40 96-96 40-96-40-40-96z"
				],
				"attrs": [
					{}
				],
				"isMulticolor": false,
				"tags": [
					"local_see"
				],
				"defaultCode": 57839,
				"grid": 24
			},
			"attrs": [
				{}
			],
			"properties": {
				"order": 30,
				"id": 495,
				"prevSize": 24,
				"code": 57839,
				"name": "local_see",
				"ligatures": "local_see"
			},
			"setIdx": 2,
			"setId": 1,
			"iconIdx": 31
		},
		{
			"icon": {
				"paths": [
					"M810 576q26 0 45-18t19-46-19-46-45-18-45 18-19 46 19 46 45 18zM598 576q26 0 45-18t19-46-19-46-45-18-45 18-19 46 19 46 45 18zM384 576q28 0 46-18t18-46-18-46-46-18-46 18-18 46 18 46 46 18zM938 128q34 0 60 26t26 60v596q0 34-26 60t-60 26h-636q-44 0-72-38l-230-346 230-346q28-38 68-38h640z"
				],
				"attrs": [
					{}
				],
				"isMulticolor": false,
				"tags": [
					"more"
				],
				"defaultCode": 57887,
				"grid": 24
			},
			"attrs": [
				{}
			],
			"properties": {
				"order": 24,
				"id": 543,
				"prevSize": 24,
				"code": 57887,
				"name": "more",
				"ligatures": "more"
			},
			"setIdx": 2,
			"setId": 1,
			"iconIdx": 32
		},
		{
			"icon": {
				"paths": [
					"M736 652q32-32 32-76t-31-75-75-31q-46 0-76 30l-32 32-30-32q-30-30-76-30-44 0-75 31t-31 75q0 46 30 76l182 182zM234 298q26 0 45-19t19-45-19-45-45-19-45 19-19 45 19 45 45 19zM914 494q24 24 24 60t-24 60l-300 300q-24 24-60 24t-60-24l-384-384q-24-24-24-60v-300q0-34 25-59t59-25h300q36 0 60 24z"
				],
				"attrs": [
					{}
				],
				"isMulticolor": false,
				"tags": [
					"loyalty"
				],
				"defaultCode": 58030,
				"grid": 24
			},
			"attrs": [
				{}
			],
			"properties": {
				"order": 35,
				"id": 686,
				"prevSize": 24,
				"code": 58030,
				"name": "loyalty",
				"ligatures": "loyalty"
			},
			"setIdx": 2,
			"setId": 1,
			"iconIdx": 33
		},
		{
			"icon": {
				"paths": [
					"M768 682l86 86v42h-726v-42l86-86v-234q0-96 60-172t152-98v-28q0-26 19-45t45-19 45 19 19 45v28q92 22 153 98t61 172v234zM490 938q-34 0-59-25t-25-59h170q0 34-26 59t-60 25z"
				],
				"attrs": [
					{}
				],
				"isMulticolor": false,
				"tags": [
					"notifications"
				],
				"defaultCode": 57930,
				"grid": 24
			},
			"attrs": [
				{}
			],
			"properties": {
				"order": 32,
				"id": 586,
				"prevSize": 24,
				"code": 57930,
				"name": "notifications",
				"ligatures": "notifications"
			},
			"setIdx": 2,
			"setId": 1,
			"iconIdx": 34
		},
		{
			"icon": {
				"paths": [
					"M512 854q140 0 241-101t101-241q0-44-14-96-38 10-96 10-220 0-348-180-66 160-224 230-2 12-2 36 0 140 101 241t241 101zM512 86q176 0 301 125t125 301-125 301-301 125-301-125-125-301 125-301 301-125zM640 502q22 0 38 15t16 37-16 38-38 16-38-16-16-38 16-37 38-15zM384 502q22 0 38 15t16 37-16 38-38 16-38-16-16-38 16-37 38-15z"
				],
				"attrs": [
					{}
				],
				"isMulticolor": false,
				"tags": [
					"face"
				],
				"defaultCode": 58000,
				"grid": 24
			},
			"attrs": [
				{}
			],
			"properties": {
				"order": 25,
				"id": 656,
				"prevSize": 24,
				"code": 58000,
				"name": "face",
				"ligatures": "face"
			},
			"setIdx": 2,
			"setId": 1,
			"iconIdx": 35
		},
		{
			"icon": {
				"paths": [
					"M512 736l-264 160 70-300-232-202 306-26 120-282 120 282 306 26-232 202 70 300z"
				],
				"attrs": [
					{}
				],
				"isMulticolor": false,
				"tags": [
					"grade"
				],
				"defaultCode": 58009,
				"grid": 24
			},
			"attrs": [
				{}
			],
			"properties": {
				"order": 33,
				"id": 665,
				"prevSize": 24,
				"code": 58009,
				"name": "grade",
				"ligatures": "grade"
			},
			"setIdx": 2,
			"setId": 1,
			"iconIdx": 36
		},
		{
			"icon": {
				"paths": [
					"M512 342h64v180l150 90-32 52-182-110v-212zM554 128q158 0 271 112t113 272-113 272-271 112-270-112l60-62q88 88 210 88 124 0 212-87t88-211-88-211-212-87-211 87-87 211h128l-172 172-4-6-166-166h128q0-160 113-272t271-112z"
				],
				"attrs": [
					{}
				],
				"isMulticolor": false,
				"tags": [
					"history"
				],
				"defaultCode": 58013,
				"grid": 24
			},
			"attrs": [
				{}
			],
			"properties": {
				"order": 34,
				"id": 669,
				"prevSize": 24,
				"code": 58013,
				"name": "history",
				"ligatures": "history"
			},
			"setIdx": 2,
			"setId": 1,
			"iconIdx": 37
		},
		{
			"icon": {
				"paths": [
					"M384 214h512v170h-512v-170zM384 810v-170h512v170h-512zM384 598v-172h512v172h-512zM170 384v-170h172v170h-172zM170 810v-170h172v170h-172zM170 598v-172h172v172h-172z"
				],
				"attrs": [
					{}
				],
				"isMulticolor": false,
				"tags": [
					"view_list"
				],
				"defaultCode": 58113,
				"grid": 24
			},
			"attrs": [
				{}
			],
			"properties": {
				"order": 37,
				"id": 769,
				"prevSize": 24,
				"code": 58113,
				"name": "view_list",
				"ligatures": "view_list"
			},
			"setIdx": 2,
			"setId": 1,
			"iconIdx": 38
		},
		{
			"icon": {
				"paths": [
					"M682 214h214v256h-214v-256zM426 470v-256h214v256h-214zM682 768v-256h214v256h-214zM426 768v-256h214v256h-214zM170 768v-256h214v256h-214zM170 470v-256h214v256h-214z"
				],
				"attrs": [
					{}
				],
				"isMulticolor": false,
				"tags": [
					"view_module"
				],
				"defaultCode": 58114,
				"grid": 24
			},
			"attrs": [
				{}
			],
			"properties": {
				"order": 39,
				"id": 770,
				"prevSize": 24,
				"code": 58114,
				"name": "view_module",
				"ligatures": "view_module"
			},
			"setIdx": 2,
			"setId": 1,
			"iconIdx": 39
		},
		{
			"icon": {
				"paths": [
					"M426 214h470v256h-470v-256zM682 768v-256h214v256h-214zM170 768v-554h214v554h-214zM426 768v-256h214v256h-214z"
				],
				"attrs": [
					{}
				],
				"isMulticolor": false,
				"tags": [
					"view_quilt"
				],
				"defaultCode": 58115,
				"grid": 24
			},
			"attrs": [
				{}
			],
			"properties": {
				"order": 38,
				"id": 771,
				"prevSize": 24,
				"code": 58115,
				"name": "view_quilt",
				"ligatures": "view_quilt"
			},
			"setIdx": 2,
			"setId": 1,
			"iconIdx": 40
		},
		{
			"icon": {
				"paths": [
					"M598 256v-86h-172v86h172zM854 256q36 0 60 25t24 61v468q0 36-24 61t-60 25h-684q-36 0-60-25t-24-61v-468q0-36 24-61t60-25h172v-86q0-36 24-60t60-24h172q36 0 60 24t24 60v86h172z"
				],
				"attrs": [
					{}
				],
				"isMulticolor": false,
				"tags": [
					"work"
				],
				"defaultCode": 58123,
				"grid": 24
			},
			"attrs": [
				{}
			],
			"properties": {
				"order": 26,
				"id": 779,
				"prevSize": 24,
				"code": 58123,
				"name": "work",
				"ligatures": "work"
			},
			"setIdx": 2,
			"setId": 1,
			"iconIdx": 41
		},
		{
			"icon": {
				"paths": [
					"M512 726l-54-118-116-54 116-52 54-118 54 118 116 52-116 54zM512 768q88 0 151-63t63-151-63-150-151-62-151 62-63 150 63 151 151 63zM384 128h256l78 86h136q34 0 59 25t25 59v512q0 34-25 60t-59 26h-684q-34 0-59-26t-25-60v-512q0-34 25-59t59-25h136z"
				],
				"attrs": [
					{}
				],
				"isMulticolor": false,
				"tags": [
					"camera_enhance"
				],
				"defaultCode": 58126,
				"grid": 24
			},
			"attrs": [
				{}
			],
			"properties": {
				"order": 27,
				"id": 782,
				"prevSize": 24,
				"code": 58126,
				"name": "camera_enhance",
				"ligatures": "camera_enhance"
			},
			"setIdx": 2,
			"setId": 1,
			"iconIdx": 42
		},
		{
			"icon": {
				"paths": [
					"M0 512c0 282.77 229.23 512 512 512s512-229.23 512-512-229.23-512-512-512-512 229.23-512 512zM928 512c0 229.75-186.25 416-416 416s-416-186.25-416-416 186.25-416 416-416 416 186.25 416 416z",
					"M706.744 669.256l90.512-90.512-285.256-285.254-285.254 285.256 90.508 90.508 194.746-194.744z"
				],
				"attrs": [],
				"isMulticolor": false,
				"tags": [
					"circle-up",
					"up",
					"circle-top",
					"arrow"
				],
				"grid": 16
			},
			"attrs": [],
			"properties": {
				"order": 90,
				"id": 1393,
				"prevSize": 32,
				"ligatures": "circle-up, up3",
				"name": "circle-up",
				"code": 58930
			},
			"setIdx": 1,
			"setId": 2,
			"iconIdx": 321
		},
		{
			"icon": {
				"paths": [
					"M512 0c-282.77 0-512 229.23-512 512s229.23 512 512 512 512-229.23 512-512-229.23-512-512-512zM512 928c-229.75 0-416-186.25-416-416s186.25-416 416-416 416 186.25 416 416-186.25 416-416 416z",
					"M354.744 706.744l90.512 90.512 285.254-285.256-285.256-285.254-90.508 90.508 194.744 194.746z"
				],
				"attrs": [],
				"isMulticolor": false,
				"tags": [
					"circle-right",
					"right",
					"circle-next",
					"arrow"
				],
				"grid": 16
			},
			"attrs": [],
			"properties": {
				"order": 91,
				"id": 1395,
				"prevSize": 32,
				"ligatures": "circle-right, right5",
				"name": "circle-right",
				"code": 58931
			},
			"setIdx": 1,
			"setId": 2,
			"iconIdx": 322
		},
		{
			"icon": {
				"paths": [
					"M1024 512c0-282.77-229.23-512-512-512s-512 229.23-512 512 229.23 512 512 512 512-229.23 512-512zM96 512c0-229.75 186.25-416 416-416s416 186.25 416 416-186.25 416-416 416-416-186.25-416-416z",
					"M317.256 354.744l-90.512 90.512 285.256 285.254 285.254-285.256-90.508-90.508-194.746 194.744z"
				],
				"attrs": [],
				"isMulticolor": false,
				"tags": [
					"circle-down",
					"down",
					"circle-bottom",
					"arrow"
				],
				"grid": 16
			},
			"attrs": [],
			"properties": {
				"order": 92,
				"id": 1394,
				"prevSize": 32,
				"ligatures": "circle-down, down3",
				"name": "circle-down",
				"code": 58932
			},
			"setIdx": 1,
			"setId": 2,
			"iconIdx": 323
		},
		{
			"icon": {
				"paths": [
					"M512 1024c282.77 0 512-229.23 512-512s-229.23-512-512-512-512 229.23-512 512 229.23 512 512 512zM512 96c229.75 0 416 186.25 416 416s-186.25 416-416 416-416-186.25-416-416 186.25-416 416-416z",
					"M669.256 317.256l-90.512-90.512-285.254 285.256 285.256 285.254 90.508-90.508-194.744-194.746z"
				],
				"attrs": [],
				"isMulticolor": false,
				"tags": [
					"circle-left",
					"left",
					"circle-previous",
					"arrow"
				],
				"grid": 16
			},
			"attrs": [],
			"properties": {
				"id": 5,
				"order": 93,
				"prevSize": 32,
				"ligatures": "circle-left, left5",
				"name": "circle-left",
				"code": 58933
			},
			"setIdx": 1,
			"setId": 2,
			"iconIdx": 324
		},
		{
			"icon": {
				"paths": [
					"M480 704c88.366 0 160-71.634 160-160v-384c0-88.366-71.634-160-160-160s-160 71.634-160 160v384c0 88.366 71.636 160 160 160zM704 448v96c0 123.71-100.29 224-224 224-123.712 0-224-100.29-224-224v-96h-64v96c0 148.238 112.004 270.3 256 286.22v129.78h-128v64h320v-64h-128v-129.78c143.994-15.92 256-137.982 256-286.22v-96h-64z"
				],
				"attrs": [],
				"isMulticolor": false,
				"tags": [
					"mic",
					"microphone",
					"voice",
					"audio"
				],
				"grid": 16
			},
			"attrs": [],
			"properties": {
				"id": 167,
				"order": 15,
				"prevSize": 32,
				"ligatures": "mic, microphone",
				"name": "mic",
				"code": 58889
			},
			"setIdx": 2,
			"setId": 1,
			"iconIdx": 44
		},
		{
			"icon": {
				"paths": [
					"M896 128v832h-672c-53.026 0-96-42.98-96-96s42.974-96 96-96h608v-768h-640c-70.398 0-128 57.6-128 128v768c0 70.4 57.602 128 128 128h768v-896h-64z",
					"M224.056 832v0c-0.018 0.002-0.038 0-0.056 0-17.672 0-32 14.326-32 32s14.328 32 32 32c0.018 0 0.038-0.002 0.056-0.002v0.002h607.89v-64h-607.89z"
				],
				"attrs": [],
				"isMulticolor": false,
				"tags": [
					"book",
					"read",
					"reading"
				],
				"grid": 16
			},
			"attrs": [],
			"properties": {
				"order": 13,
				"id": 1612,
				"prevSize": 32,
				"ligatures": "book, read",
				"name": "book",
				"code": 58881
			},
			"setIdx": 2,
			"setId": 1,
			"iconIdx": 45
		},
		{
			"icon": {
				"paths": [
					"M976 0h-384c-26.4 0-63.274 15.274-81.942 33.942l-476.116 476.116c-18.668 18.668-18.668 49.214 0 67.882l412.118 412.118c18.668 18.668 49.214 18.668 67.882 0l476.118-476.118c18.666-18.666 33.94-55.54 33.94-81.94v-384c0-26.4-21.6-48-48-48zM736 384c-53.020 0-96-42.98-96-96s42.98-96 96-96 96 42.98 96 96-42.98 96-96 96z"
				],
				"attrs": [],
				"isMulticolor": false,
				"tags": [
					"price-tag"
				],
				"grid": 16
			},
			"attrs": [],
			"properties": {
				"order": 7,
				"id": 1471,
				"prevSize": 32,
				"ligatures": "price-tag",
				"name": "price-tag",
				"code": 58882
			},
			"setIdx": 2,
			"setId": 1,
			"iconIdx": 46
		},
		{
			"icon": {
				"paths": [
					"M1232 0h-384c-26.4 0-63.274 15.274-81.942 33.942l-476.116 476.116c-18.668 18.668-18.668 49.214 0 67.882l412.118 412.118c18.668 18.668 49.214 18.668 67.882 0l476.118-476.118c18.666-18.666 33.94-55.54 33.94-81.94v-384c0-26.4-21.6-48-48-48zM992 384c-53.020 0-96-42.98-96-96s42.98-96 96-96 96 42.98 96 96-42.98 96-96 96z",
					"M128 544l544-544h-80c-26.4 0-63.274 15.274-81.942 33.942l-476.116 476.116c-18.668 18.668-18.668 49.214 0 67.882l412.118 412.118c18.668 18.668 49.214 18.668 67.882 0l30.058-30.058-416-416z"
				],
				"width": 1280,
				"attrs": [],
				"isMulticolor": false,
				"tags": [
					"price-tags"
				],
				"grid": 16
			},
			"attrs": [],
			"properties": {
				"order": 20,
				"id": 1470,
				"prevSize": 32,
				"ligatures": "price-tags",
				"name": "price-tags",
				"code": 58891
			},
			"setIdx": 2,
			"setId": 1,
			"iconIdx": 47
		},
		{
			"icon": {
				"paths": [
					"M480 64c-265.096 0-480 214.904-480 480s214.904 480 480 480c265.098 0 480-214.902 480-480s-214.902-480-480-480zM480 928c-212.078 0-384-171.922-384-384s171.922-384 384-384c212.076 0 384 171.922 384 384s-171.924 384-384 384z",
					"M608 576c17.674 0 32-14.326 32-32s-14.326-32-32-32h-68.208l94.832-142.25c9.804-14.704 5.83-34.572-8.876-44.376-14.704-9.802-34.572-5.83-44.376 8.876l-101.372 152.062-101.374-152.062c-9.804-14.706-29.672-18.68-44.376-8.876-14.706 9.804-18.678 29.672-8.876 44.376l94.834 142.25h-68.208c-17.672 0-32 14.326-32 32s14.328 32 32 32h96v64h-96c-17.672 0-32 14.326-32 32s14.328 32 32 32h96v96c0 17.674 14.328 32 32 32s32-14.326 32-32v-96h96c17.674 0 32-14.326 32-32s-14.326-32-32-32h-96v-64h96z"
				],
				"attrs": [],
				"isMulticolor": false,
				"tags": [
					"coin-yen",
					"money",
					"cash",
					"currency-yen"
				],
				"grid": 16
			},
			"attrs": [],
			"properties": {
				"id": 277,
				"order": 8,
				"prevSize": 32,
				"ligatures": "coin-yen, money4",
				"name": "coin-yen",
				"code": 58883
			},
			"setIdx": 2,
			"setId": 1,
			"iconIdx": 48
		},
		{
			"icon": {
				"paths": [
					"M544 0l-96 96 96 96-224 256h-224l176 176-272 360.616v39.384h39.384l360.616-272 176 176v-224l256-224 96 96 96-96-480-480zM448 544l-64-64 224-224 64 64-224 224z"
				],
				"attrs": [],
				"isMulticolor": false,
				"tags": [
					"pushpin",
					"pin"
				],
				"grid": 16
			},
			"attrs": [],
			"properties": {
				"id": 307,
				"order": 19,
				"prevSize": 32,
				"ligatures": "pushpin, pin",
				"name": "pushpin",
				"code": 58892
			},
			"setIdx": 2,
			"setId": 1,
			"iconIdx": 49
		},
		{
			"icon": {
				"paths": [
					"M640 64c247.424 0 448 200.576 448 448s-200.576 448-448 448v-96c94.024 0 182.418-36.614 248.902-103.098s103.098-154.878 103.098-248.902c0-94.022-36.614-182.418-103.098-248.902s-154.878-103.098-248.902-103.098c-94.022 0-182.418 36.614-248.902 103.098-51.14 51.138-84.582 115.246-97.306 184.902h186.208l-224 256-224-256h164.57c31.060-217.102 217.738-384 443.43-384zM832 448v128h-256v-320h128v192z"
				],
				"width": 1088,
				"attrs": [],
				"isMulticolor": false,
				"tags": [
					"history",
					"time",
					"archive",
					"past"
				],
				"grid": 16
			},
			"attrs": [],
			"properties": {
				"id": 323,
				"order": 41,
				"prevSize": 32,
				"ligatures": "history, time",
				"name": "history2",
				"code": 58896
			},
			"setIdx": 2,
			"setId": 1,
			"iconIdx": 50
		},
		{
			"icon": {
				"paths": [
					"M658.744 749.256l-210.744-210.746v-282.51h128v229.49l173.256 173.254zM512 0c-282.77 0-512 229.23-512 512s229.23 512 512 512 512-229.23 512-512-229.23-512-512-512zM512 896c-212.078 0-384-171.922-384-384s171.922-384 384-384c212.078 0 384 171.922 384 384s-171.922 384-384 384z"
				],
				"attrs": [],
				"isMulticolor": false,
				"tags": [
					"clock",
					"time",
					"schedule"
				],
				"grid": 16
			},
			"attrs": [],
			"properties": {
				"id": 324,
				"order": 40,
				"prevSize": 32,
				"ligatures": "clock, time2",
				"name": "clock",
				"code": 58897
			},
			"setIdx": 2,
			"setId": 1,
			"iconIdx": 51
		},
		{
			"icon": {
				"paths": [
					"M0 64v640h1024v-640h-1024zM960 640h-896v-512h896v512zM672 768h-320l-32 128-64 64h512l-64-64z"
				],
				"attrs": [],
				"isMulticolor": false,
				"tags": [
					"display",
					"screen",
					"monitor",
					"computer",
					"desktop",
					"pc"
				],
				"grid": 16
			},
			"attrs": [],
			"properties": {
				"id": 353,
				"order": 14,
				"prevSize": 32,
				"ligatures": "display, screen",
				"name": "display",
				"code": 58884
			},
			"setIdx": 2,
			"setId": 1,
			"iconIdx": 52
		},
		{
			"icon": {
				"paths": [
					"M512 0c-282.77 0-512 71.634-512 160v128c0 88.366 229.23 160 512 160s512-71.634 512-160v-128c0-88.366-229.23-160-512-160z",
					"M512 544c-282.77 0-512-71.634-512-160v192c0 88.366 229.23 160 512 160s512-71.634 512-160v-192c0 88.366-229.23 160-512 160z",
					"M512 832c-282.77 0-512-71.634-512-160v192c0 88.366 229.23 160 512 160s512-71.634 512-160v-192c0 88.366-229.23 160-512 160z"
				],
				"attrs": [],
				"isMulticolor": false,
				"tags": [
					"database",
					"db",
					"server",
					"host",
					"storage",
					"save",
					"datecenter"
				],
				"grid": 16
			},
			"attrs": [],
			"properties": {
				"id": 381,
				"order": 12,
				"prevSize": 32,
				"ligatures": "database, db",
				"name": "database",
				"code": 58885
			},
			"setIdx": 2,
			"setId": 1,
			"iconIdx": 53
		},
		{
			"icon": {
				"paths": [
					"M728.992 512c137.754-87.334 231.008-255.208 231.008-448 0-21.676-1.192-43.034-3.478-64h-889.042c-2.29 20.968-3.48 42.326-3.48 64 0 192.792 93.254 360.666 231.006 448-137.752 87.334-231.006 255.208-231.006 448 0 21.676 1.19 43.034 3.478 64h889.042c2.288-20.966 3.478-42.324 3.478-64 0.002-192.792-93.252-360.666-231.006-448zM160 960c0-186.912 80.162-345.414 224-397.708v-100.586c-143.838-52.29-224-210.792-224-397.706v0h704c0 186.914-80.162 345.416-224 397.706v100.586c143.838 52.294 224 210.796 224 397.708h-704zM619.626 669.594c-71.654-40.644-75.608-93.368-75.626-125.366v-64.228c0-31.994 3.804-84.914 75.744-125.664 38.504-22.364 71.808-56.348 97.048-98.336h-409.582c25.266 42.032 58.612 76.042 97.166 98.406 71.654 40.644 75.606 93.366 75.626 125.366v64.228c0 31.992-3.804 84.914-75.744 125.664-72.622 42.18-126.738 125.684-143.090 226.336h501.67c-16.364-100.708-70.53-184.248-143.212-226.406z"
				],
				"attrs": [],
				"isMulticolor": false,
				"tags": [
					"hour-glass",
					"loading",
					"busy",
					"wait"
				],
				"grid": 16
			},
			"attrs": [],
			"properties": {
				"id": 506,
				"order": 3,
				"prevSize": 32,
				"ligatures": "hour-glass, loading",
				"name": "hour-glass",
				"code": 58886
			},
			"setIdx": 2,
			"setId": 1,
			"iconIdx": 54
		},
		{
			"icon": {
				"paths": [
					"M777.784 16.856c-5.576-10.38-16.406-16.856-28.19-16.856h-475.188c-11.784 0-22.614 6.476-28.19 16.856-35.468 66.020-54.216 143.184-54.216 223.144 0 105.412 32.372 204.828 91.154 279.938 45.428 58.046 102.48 96.54 164.846 112.172v327.89h-96c-17.672 0-32 14.326-32 32s14.328 32 32 32h320c17.674 0 32-14.326 32-32s-14.326-32-32-32h-96v-327.89c62.368-15.632 119.418-54.124 164.846-112.172 58.782-75.11 91.154-174.526 91.154-279.938 0-79.96-18.748-157.122-54.216-223.144zM294.1 64h435.8c24.974 52.902 38.1 113.338 38.1 176 0 5.364-0.108 10.696-0.296 16h-511.406c-0.19-5.304-0.296-10.636-0.296-16-0.002-62.664 13.126-123.098 38.098-176z"
				],
				"attrs": [],
				"isMulticolor": false,
				"tags": [
					"glass",
					"drink",
					"beverage",
					"wine"
				],
				"grid": 16
			},
			"attrs": [],
			"properties": {
				"order": 9,
				"id": 1714,
				"prevSize": 32,
				"ligatures": "glass, drink",
				"name": "glass",
				"code": 58887
			},
			"setIdx": 2,
			"setId": 1,
			"iconIdx": 55
		},
		{
			"icon": {
				"paths": [
					"M321.008 1024c-68.246-142.008-31.902-223.378 20.55-300.044 57.44-83.956 72.244-167.066 72.244-167.066s45.154 58.7 27.092 150.508c79.772-88.8 94.824-230.28 82.782-284.464 180.314 126.012 257.376 398.856 153.522 601.066 552.372-312.532 137.398-780.172 65.154-832.85 24.082 52.676 28.648 141.85-20 185.126-82.352-312.276-285.972-376.276-285.972-376.276 24.082 161.044-87.296 337.144-194.696 468.73-3.774-64.216-7.782-108.528-41.55-169.98-7.58 116.656-96.732 211.748-120.874 328.628-32.702 158.286 24.496 274.18 241.748 396.622z"
				],
				"attrs": [],
				"isMulticolor": false,
				"tags": [
					"fire",
					"flame",
					"hot",
					"popular"
				],
				"grid": 16
			},
			"attrs": [],
			"properties": {
				"id": 665,
				"order": 42,
				"prevSize": 32,
				"ligatures": "fire, flame",
				"name": "fire",
				"code": 58888
			},
			"setIdx": 2,
			"setId": 1,
			"iconIdx": 56
		},
		{
			"icon": {
				"paths": [
					"M665.832 327.048l-64.952-64.922-324.81 324.742c-53.814 53.792-53.814 141.048 0 194.844 53.804 53.792 141.060 53.792 194.874 0l389.772-389.708c89.714-89.662 89.714-235.062 0-324.726-89.666-89.704-235.112-89.704-324.782 0l-409.23 409.178c-0.29 0.304-0.612 0.576-0.876 0.846-125.102 125.096-125.102 327.856 0 452.906 125.054 125.056 327.868 125.056 452.988 0 0.274-0.274 0.516-0.568 0.82-0.876l0.032 0.034 279.332-279.292-64.986-64.92-279.33 279.262c-0.296 0.268-0.564 0.57-0.846 0.844-89.074 89.058-233.98 89.058-323.076 0-89.062-89.042-89.062-233.922 0-322.978 0.304-0.304 0.604-0.582 0.888-0.846l-0.046-0.060 409.28-409.166c53.712-53.738 141.144-53.738 194.886 0 53.712 53.734 53.712 141.148 0 194.84l-389.772 389.7c-17.936 17.922-47.054 17.922-64.972 0-17.894-17.886-17.894-47.032 0-64.92l324.806-324.782z"
				],
				"attrs": [],
				"isMulticolor": false,
				"tags": [
					"attachment",
					"paperclip"
				],
				"grid": 16
			},
			"attrs": [],
			"properties": {
				"id": 821,
				"order": 17,
				"prevSize": 32,
				"ligatures": "attachment, paperclip",
				"name": "attachment",
				"code": 58893
			},
			"setIdx": 2,
			"setId": 1,
			"iconIdx": 57
		},
		{
			"icon": {
				"paths": [
					"M512 0c-282.77 0-512 229.23-512 512s229.23 512 512 512 512-229.23 512-512-229.23-512-512-512zM704 256c35.348 0 64 42.98 64 96s-28.652 96-64 96-64-42.98-64-96 28.652-96 64-96zM320 256c35.346 0 64 42.98 64 96s-28.654 96-64 96-64-42.98-64-96 28.654-96 64-96zM512 896c-166.868 0-305.422-139.872-320-318.304 93.77 54.114 204.050 85.064 320 85.064s226.23-30.806 320-84.92c-14.574 178.438-153.128 318.16-320 318.16z"
				],
				"attrs": [],
				"isMulticolor": false,
				"tags": [
					"happy",
					"emoticon",
					"smiley",
					"face"
				],
				"grid": 16
			},
			"attrs": [],
			"properties": {
				"id": 895,
				"order": 22,
				"prevSize": 32,
				"ligatures": "happy2, emoticon2",
				"name": "happy2",
				"code": 58894
			},
			"setIdx": 2,
			"setId": 1,
			"iconIdx": 58
		},
		{
			"icon": {
				"paths": [
					"M853.376 0h-682.69c-93.876 0-170.686 76.816-170.686 170.692v682.624c0 93.93 76.81 170.684 170.686 170.684h682.69c93.874 0 170.624-76.752 170.624-170.684v-682.624c0-93.876-76.75-170.692-170.624-170.692zM960 853.316c0 28.334-11.14 55.082-31.37 75.316-20.222 20.228-46.948 31.368-75.254 31.368h-341.376v-448h-448v-341.308c0-28.308 11.15-55.050 31.396-75.296 20.244-20.246 46.984-31.396 75.29-31.396h341.314v448h448v341.316z"
				],
				"attrs": [],
				"isMulticolor": false,
				"tags": [
					"delicious",
					"brand",
					"social"
				],
				"grid": 16
			},
			"attrs": [],
			"properties": {
				"id": 1360,
				"order": 18,
				"prevSize": 32,
				"ligatures": "delicious, brand67",
				"name": "delicious",
				"code": 58895
			},
			"setIdx": 2,
			"setId": 1,
			"iconIdx": 59
		},
		{
			"icon": {
				"paths": [
					"M1024 640v384h-1024v-384h128v256h768v-256zM192 704h640v128h-640zM207.152 565.466l27.698-124.964 624.832 138.496-27.698 124.964zM279.658 308.558l54.092-116.006 580.032 270.464-54.092 116.006zM991.722 361.476l-77.922 101.55-507.746-389.608 56.336-73.418h58.244z"
				],
				"attrs": [],
				"isMulticolor": false,
				"tags": [
					"stackoverflow",
					"brand",
					"social"
				],
				"grid": 16
			},
			"attrs": [],
			"properties": {
				"id": 1363,
				"order": 16,
				"prevSize": 32,
				"ligatures": "stackoverflow, brand70",
				"name": "stackoverflow",
				"code": 58890
			},
			"setIdx": 2,
			"setId": 1,
			"iconIdx": 60
		},
		{
			"icon": {
				"paths": [
					"M512 1024c-282.784 0-512-229.216-512-512s229.216-512 512-512 512 229.216 512 512-229.216 512-512 512zM512 64c-247.44 0-448 200.56-448 448s200.56 448 448 448 448-200.56 448-448-200.56-448-448-448zM698.816 768.936l-186.816-186.872-186.84 186.872-70.096-70.128 186.872-186.808-186.872-186.856 70.096-70.080 186.84 186.856 186.816-186.856 70.128 70.080-186.88 186.856 186.872 186.816-70.12 70.12z"
				],
				"attrs": [
					{}
				],
				"isMulticolor": false,
				"grid": 0,
				"tags": [
					"iconfont-close"
				]
			},
			"attrs": [
				{}
			],
			"properties": {
				"order": 89,
				"id": 3,
				"prevSize": 32,
				"code": 58924,
				"name": "iconfont-close"
			},
			"setIdx": 2,
			"setId": 1,
			"iconIdx": 0
		},
		{
			"icon": {
				"paths": [
					"M345.89 570.625h332.221c-47.787-28.191-90.13-67.276-127.025-117.25h-58.63c-32.569 45.596-81.426 84.683-146.566 117.25zM942.337 64.275h-860.676c-9.612 0-17.405 7.792-17.405 17.404v860.641c0 9.612 7.793 17.404 17.405 17.404h860.676c9.612 0 17.405-7.792 17.405-17.404l-0-860.641c0-9.612-7.793-17.404-17.405-17.404zM883.306 453.376h-214.968c47.737 58.625 119.392 103.155 214.968 133.535v65.138c-26.060-6.511-60.818-17.352-104.226-32.568-13.029-4.326-22.799-7.583-29.315-9.772v156.332c2.139 73.792-34.758 109.616-110.74 107.481h-97.712v-68.398h55.368c34.71 2.139 50.993-11.908 48.857-42.341l0-123.762h-185.652c10.84 136.791-87.942 220.353-296.393 250.784v-61.88c138.935-30.381 203.007-92.265 192.167-185.648v-3.256h-91.198l0-29.311c-17.404 8.702-46.718 19.541-87.94 32.568-15.217 6.515-27.177 10.893-35.828 13.029l0-68.396c106.365-39.083 182.395-83.561 227.995-133.535h-227.996v-65.14h273.595c8.651-19.541 16.284-42.339 22.798-68.395l-263.823-0v-65.14h91.199c-8.703-19.542-18.475-50.991-29.314-94.451h97.712c6.516 34.758 15.166 66.258 26.056 94.451h91.198v-120.507h110.741v55.367c0 23.92-1.12 45.598-3.256 65.14h100.968c13.027-28.193 21.681-59.694 26.058-94.451h94.456c-6.516 39.083-16.288 70.585-29.315 94.451h100.97v65.14l-299.65-0c-6.516 26.055-14.149 48.854-22.801 68.395l355.022 0v65.141z"
				],
				"attrs": [
					{}
				],
				"isMulticolor": false,
				"grid": 0,
				"tags": [
					"iconfont-quan (1)"
				]
			},
			"attrs": [
				{}
			],
			"properties": {
				"order": 88,
				"id": 2,
				"prevSize": 32,
				"code": 58925,
				"name": "iconfont-quan1"
			},
			"setIdx": 2,
			"setId": 1,
			"iconIdx": 1
		},
		{
			"icon": {
				"paths": [
					"M512 0c-282.752 0-512 229.248-512 512s229.248 512 512 512c282.752 0 512-229.248 512-512s-229.248-512-512-512zM512 1001.856c-270.080 0-489.856-219.776-489.856-489.856s219.776-489.856 489.856-489.856 489.856 219.776 489.856 489.856-219.776 489.856-489.856 489.856zM441.536 305.728c-20.8-23.040-44.352-46.72-70.656-71.232l-31.232 25.216c24.128 25.216 46.4 50.24 66.88 75.072l35.008-29.056zM731.392 257.536l-37.824-23.552c-18.24 27.776-39.616 54.272-64.128 79.424l32.896 24.64c25.216-25.92 48.256-52.736 69.056-80.512zM806.464 478.912v-37.312h-321.664c13.888-20.416 25.728-41.792 35.648-64.128h258.112v-37.184h-243.84c11.328-32.128 21.888-67.008 31.808-104.64l-43.904-9.344c-8.768 41.28-19.904 79.296-33.408 113.984h-191.232v37.248h174.784c-10.944 22.656-24.128 44.032-39.424 64.064h-158.912v37.248h126.592c-36.224 36.928-80.96 68.352-134.272 94.272 10.56 12.032 19.712 24.32 27.392 36.736 26.688-14.976 51.52-31.040 74.496-48.256v28.48h75.648c-5.12 33.984-16.448 60.672-33.984 80-22.272 25.536-63.552 46.016-123.84 61.376 7.296 10.944 15.36 24.256 24.128 40 64.64-19.712 109.056-43.456 133.184-71.232 22.272-24.448 36.864-61.184 43.84-110.144h163.264c-4.032 36.16-7.68 64.512-10.944 84.928-4.352 26.304-22.656 39.424-54.784 39.424-26.688 0-56.256-1.28-88.768-3.84 5.12 15.36 8.96 30.336 11.52 44.928 43.84 0.768 73.792 1.088 89.856 1.088 48.96 0.384 77.248-24.448 84.928-74.496 4.736-35.456 9.664-74.88 14.784-118.336 25.6 16.832 54.080 30.528 85.504 41.088 9.856-14.592 19.904-28.48 30.144-41.664-63.936-13.12-115.776-41.28-155.648-84.352l148.992 0zM681.024 552.832h-301.376c29.184-22.592 54.784-47.232 76.672-73.92h152.32c20.48 28.864 44.608 53.504 72.384 73.92z"
				],
				"attrs": [
					{}
				],
				"isMulticolor": false,
				"grid": 0,
				"tags": [
					"iconfont-quan"
				]
			},
			"attrs": [
				{}
			],
			"properties": {
				"order": 87,
				"id": 1,
				"prevSize": 32,
				"code": 58926,
				"name": "iconfont-quan"
			},
			"setIdx": 2,
			"setId": 1,
			"iconIdx": 2
		},
		{
			"icon": {
				"paths": [
					"M499.648 469.376c-13.312 15.808-29.376 30.912-48.256 45.376h161.536c-14.272-13.44-27.584-28.608-39.872-45.376h-73.408zM813.824 64h-603.648c-46.528 0-84.352 37.888-84.352 84.672v801.024l131.776-79.040 119.296 77.056 128-81.216 139.712 93.504 107.84-94.528 145.728 89.344 0-806.144c0-46.784-37.76-84.672-84.352-84.672zM742.528 591.488c-19.648-6.4-37.952-14.144-55.040-23.104-2.496 22.208-4.736 42.112-6.784 59.904-7.36 49.216-40.064 73.792-98.112 73.792-30.464 0-58.048-0.256-82.88-0.96-2.496-13.504-7.36-33.472-14.72-59.904l82.368 3.904c26.944 0 42.176-10.112 45.696-30.4 1.344-10.304 3.136-25.28 5.184-44.928h-139.52c-10.496 35.712-26.432 63.552-47.744 83.52-29.76 25.408-73.088 46.4-130.048 62.72-12.608-19.968-25.728-39.232-39.36-57.92 54.208-10.88 93.76-25.664 118.592-44.352 14.016-11.648 24.32-26.24 30.912-43.968h-51.008c-15.040 7.488-30.912 14.528-47.744 21.248-14.016-19.584-28.672-38.080-44.096-55.488 55.232-19.968 99.328-41.984 132.16-66.176l-136.32-0v-56.96h191.488c4.544-8 9.6-19.968 15.168-35.712h-184.064v-55.040h80.256c-16.448-17.344-33.216-34.432-50.368-51.2l46.72-34.752c22.336 19.328 44.864 40.256 67.648 62.72l-30.976 23.232h79.168c2.432-23.488 4.544-52.48 6.336-86.912l72.384 1.92c-2.432 32.576-4.864 60.864-7.296 84.992h69.76l-25.728-17.856c22.72-21.888 43.2-44.864 61.376-69.056l57.216 33.344c-16.448 19.328-32.512 37.184-48.256 53.568h81.792v55.040h-203.584c-2.752 13.888-5.824 25.792-9.344 35.712h239.68v56.96h-125.376c35.712 30.272 79.552 50.88 131.712 61.824-11.264 15.168-23.68 35.264-37.248 60.288z"
				],
				"attrs": [
					{}
				],
				"isMulticolor": false,
				"grid": 0,
				"tags": [
					"iconfont-zuoceyouhuiquan"
				]
			},
			"attrs": [
				{}
			],
			"properties": {
				"order": 86,
				"id": 0,
				"prevSize": 32,
				"code": 58927,
				"name": "iconfont-zuoceyouhuiquan"
			},
			"setIdx": 2,
			"setId": 1,
			"iconIdx": 3
		},
		{
			"icon": {
				"paths": [
					"M0 736v-448c0-52.8 43.2-96 96-96h832c52.8 0 96 43.2 96 96v448c0 52.8-43.2 96-96 96h-832c-52.8 0-96-43.2-96-96zM48 384v256h32v-256h-32zM960 512c0-35.346-28.654-64-64-64s-64 28.654-64 64 28.654 64 64 64 64-28.654 64-64zM768 768v-512h-640v512h640z"
				],
				"attrs": [
					{}
				],
				"isMulticolor": false,
				"grid": 0,
				"tags": [
					"iconfont-phone"
				]
			},
			"attrs": [
				{}
			],
			"properties": {
				"order": 85,
				"id": 0,
				"prevSize": 32,
				"code": 58923,
				"name": "iconfont-phone"
			},
			"setIdx": 2,
			"setId": 1,
			"iconIdx": 4
		},
		{
			"icon": {
				"paths": [
					"M84.635 811.835l292.078-133.165c12.88 16.549 57.498 25.691 57.498 25.691 97.778-0.933 176.878-126.524 176.878-126.524l194.565-400.559c31.927-65.766 72.885-26.925 72.885-26.925 42.753 23.825 125.515 198.741 57.557 326.621-67.958 127.841-57.784 381.486-73.794 398.906-16.034 17.39-53.601 6.466-53.601 6.466l25.561-287.924c0 0-93.116-50.416-122.611 65.54-29.503 115.948-123.083 181.633-123.083 181.633-111.46 67.874-442.152 31.639-499.209 9.528-57.050-22.12-4.724-39.288-4.724-39.288z"
				],
				"attrs": [
					{}
				],
				"isMulticolor": false,
				"grid": 0,
				"tags": [
					"iconfont-gaogenxie"
				]
			},
			"attrs": [
				{}
			],
			"properties": {
				"order": 84,
				"id": 4,
				"prevSize": 32,
				"code": 58919,
				"name": "iconfont-gaogenxie"
			},
			"setIdx": 2,
			"setId": 1,
			"iconIdx": 5
		},
		{
			"icon": {
				"paths": [
					"M18.1 180.189c45.076-72.722 199.601-4.927 362.134 96.851l180.093-91.925-4.268-2.496c-8.805-5.139-11.838-16.535-6.743-25.472 5.065-8.923 16.342-11.971 25.148-6.817l25.177 14.718 178.164-90.941c17.61-10.291 40.137-4.181 50.328 13.679 10.159 17.83 4.121 40.652-13.488 50.958l-6.396 3.265-227.996 272.257c97.42 71.72 180.685 139.139 222.9 174.004 0.891-0.349 1.793-0.675 2.716-0.957l155.162-47.531c19.76-6.037 39.609 5.565 44.32 25.928l4.031 17.433c-37.594 18.535-73.403 52.268-99.118 97.394-25.654 45.001-36.609 93.121-33.756 135.271l-16.63 5.091c-19.788 6.064-39.607-5.537-44.318-25.913l-23.466-101.49c-4.175-1.692-8.328-3.715-12.402-6.097-0.001 0.002-847.371-368.807-761.59-507.208zM285.723 692.36l-10.002-175.448c61.985 45.032 127.729 88.278 189.246 126.671l-93.337 264.38 0.407 7.147c0.029 20.57-16.431 37.252-36.78 37.237s-36.839-16.709-36.839-37.279l-10.157-178.204-20.175-11.789c-8.805-5.153-11.838-16.55-6.742-25.487 4.943-8.658 15.674-11.761 24.38-7.229z"
				],
				"attrs": [
					{}
				],
				"isMulticolor": false,
				"grid": 0,
				"tags": [
					"iconfont-jipiao"
				]
			},
			"attrs": [
				{}
			],
			"properties": {
				"order": 83,
				"id": 3,
				"prevSize": 32,
				"code": 58920,
				"name": "iconfont-jipiao"
			},
			"setIdx": 2,
			"setId": 1,
			"iconIdx": 6
		},
		{
			"icon": {
				"paths": [
					"M500.591 777.53c-98.953 17.575-247.459 51.757-388.592 114.44h767.261c0 0-11.21-141.182-244.344-132.055 15.47-120.071 45.738-219.895 81.486-301.43-1.174-20.827-1.507-42.965 1.037-66.8-10.652 6.019-21.749 12.012-32.976 18.032-44.208 92.763-82.314 210.109-99.708 354.832-9.902 1.277-21.935 2.928-35.804 5.028-17.050-129.774-48.556-229.967-79.397-302.352-18.245-5.86-36.961-12.597-55.19-21.868-0.762 4.1-1.787 8.256-2.691 12.412 33.024 69.824 70.22 175.207 88.92 319.762v0zM579.934 469.591c17.049 10.926 31.928 25.147 43.009 45.681-1.278-23.919-7.073-44.724-15.888-62.939-9.903 5.86-19.155 11.72-27.121 17.258v0zM714.241 659.267c142.706-63.658 155.748-251.418 122.236-353.538 55.243 129.719 148.315 197.479 151.751 281.383 17.236-141.33-45.47-265.297-139.856-316.436 49.477 14.89 100.992 41.763 132.663 81.269 0.4-59.269-67.684-143.863-142.296-108.12 39.291-51.62 5.542-164.13-72.929-166.712 49.998 28.289 24.862 108.038 31.018 160.134-21.167-82.248-125.038-165.649-230.985-146.23 43.445 76.766 155.096 84.118 217.969 148.232-108.968-74.425-255.874-66.165-320.032 2.126 93.126-39.311 128.14 56.977 308.646 21.792-105.844 23.733-227.931 58.889-250.694 211.994 28.689-57.135 217.253-117.915 264.147-181.042-82.615 160.981 30.657 262.868-71.64 365.148v0zM395.504 307.38c41.522-49.647 33.349-99.749 84.841-115.251-64.558-16.596-153.994 53.483-129.78 122.789-75.395-65.682-152.124-12.253-170.451 55.912 29.193-40.119 96.776-29.785 144.883-31.513-97.095 12.489-185.665 72.213-184.409 180.111 41.736-52.206 119.013-53.165 204.972-160.802-49.718 79.563-69.58 239.461-22.713 342.777-20.443-94.66 75.506-240.145 56.007-330.765 30.87 36.681 72.024 51.275 112.701 63.877 6.766-25.677 16.288-48.001 27.861-67.469-40.553-21.765-82.693-32.23-105.324-37.744 59.323 6.019 109.16-8.070 148.637-15.587 8.656-7.932 17.741-15.124 27.126-21.653-9.6-3.011-18.656-5.751-26.889-9.057-40.53-16.215-71.546-18.162-92.215-15.607-29.514 8.926-56.191 24.347-75.246 39.983v0zM395.504 307.38z"
				],
				"attrs": [
					{}
				],
				"isMulticolor": false,
				"grid": 0,
				"tags": [
					"iconfont-lvxing"
				]
			},
			"attrs": [
				{}
			],
			"properties": {
				"order": 82,
				"id": 2,
				"prevSize": 32,
				"code": 58921,
				"name": "iconfont-lvxing"
			},
			"setIdx": 2,
			"setId": 1,
			"iconIdx": 7
		},
		{
			"icon": {
				"paths": [
					"M361.504 382.828c0 27.324-22.143 49.469-49.469 49.469-27.317 0-49.471-22.144-49.471-49.469 0-27.315 22.153-49.468 49.471-49.468 27.325 0 49.469 22.152 49.469 49.468zM361.504 382.828c0 27.324-22.143 49.469-49.469 49.469-27.317 0-49.471-22.144-49.471-49.469 0-27.315 22.153-49.468 49.471-49.468 27.325 0 49.469 22.152 49.469 49.468zM796.873 382.828c0 27.324-22.144 49.469-49.47 49.469-27.317 0-49.47-22.144-49.47-49.469 0-27.315 22.151-49.468 49.47-49.468 27.325 0 49.47 22.152 49.47 49.468zM852.26 939.329h-653.053c-55.014 0-99.772-44.764-99.772-99.769v-507.918c0-55.010 44.758-99.766 99.772-99.766h653.053c55.014 0 99.771 44.756 99.771 99.766v507.918c0 55.006-44.757 99.769-99.771 99.769zM199.207 286.293c-25.004 0-45.351 20.346-45.351 45.348v507.918c0 24.997 20.346 45.35 45.351 45.35h653.053c25.004 0 45.351-20.354 45.351-45.35v-507.918c0-25.002-20.347-45.348-45.351-45.348h-653.053zM770.627 376.991h-54.421v-226.746c0-25.002-20.347-45.348-45.351-45.348l-290.245 0c-25.004 0-45.351 20.346-45.351 45.348v226.746h-54.421l0-226.746c0-55.010 44.757-99.767 99.772-99.767l290.244 0c55.014 0 99.771 44.756 99.771 99.767l-0 226.746z"
				],
				"attrs": [
					{}
				],
				"isMulticolor": false,
				"grid": 0,
				"tags": [
					"iconfont-xiexiangbao"
				]
			},
			"attrs": [
				{}
			],
			"properties": {
				"order": 81,
				"id": 0,
				"prevSize": 32,
				"code": 58922,
				"name": "iconfont-xiexiangbao"
			},
			"setIdx": 2,
			"setId": 1,
			"iconIdx": 8
		},
		{
			"icon": {
				"paths": [
					"M0 298.667v725.333h1024v-1024h-725.333v298.667zM0 241.778h241.778v-241.778z"
				],
				"attrs": [
					{}
				],
				"isMulticolor": false,
				"grid": 0,
				"tags": [
					"iconfont-page"
				]
			},
			"attrs": [
				{}
			],
			"properties": {
				"order": 79,
				"id": 0,
				"prevSize": 32,
				"code": 58918,
				"name": "iconfont-page"
			},
			"setIdx": 2,
			"setId": 1,
			"iconIdx": 9
		},
		{
			"icon": {
				"paths": [
					"M866.975 520.457v195.774c0 48.865-17.339 90.636-52.017 125.314s-76.449 52.017-125.314 52.017l-512.292 0c-48.865 0-90.636-17.339-125.314-52.017s-52.017-76.449-52.018-125.314l-0-512.291c0-48.865 17.339-90.636 52.018-125.314s76.45-52.017 125.314-52.017h512.291c25.851 0 49.863 5.123 72.036 15.369 6.147 2.89 9.851 7.619 11.113 14.186 1.209 6.988-0.63 12.952-5.517 17.89l-30.185 30.185c-4.098 4.098-8.827 6.147-14.186 6.147-1.209 0-3.047-0.421-5.517-1.261-9.457-2.469-18.705-3.704-27.743-3.704h-512.292c-27.112 0-50.31 9.642-69.593 28.925s-28.925 42.481-28.925 69.593v512.291c0 27.112 9.642 50.31 28.925 69.593s42.481 28.925 69.593 28.925h512.291c27.112 0 50.31-9.642 69.593-28.925s28.925-42.481 28.925-69.593v-156.366c0-5.359 1.839-9.878 5.517-13.556l39.406-39.406c4.098-4.098 8.827-6.147 14.186-6.147 2.469 0 4.938 0.604 7.409 1.812 8.198 3.256 12.296 9.22 12.296 17.889zM1009.234 219.309l-501.178 501.178c-9.826 9.826-21.516 14.739-35.072 14.739s-25.247-4.913-35.072-14.739l-264.738-264.735c-9.826-9.826-14.739-21.516-14.739-35.072s4.913-25.247 14.739-35.072l67.701-67.701c9.826-9.826 21.516-14.739 35.072-14.739s25.247 4.913 35.072 14.739l161.963 161.963 398.406-398.406c9.826-9.826 21.516-14.739 35.072-14.739s25.247 4.913 35.072 14.739l67.701 67.701c9.826 9.826 14.739 21.516 14.739 35.072 0.001 13.557-4.912 25.247-14.738 35.073z"
				],
				"attrs": [
					{}
				],
				"isMulticolor": false,
				"grid": 0,
				"tags": [
					"iconfont-check"
				]
			},
			"attrs": [
				{}
			],
			"properties": {
				"order": 78,
				"id": 0,
				"prevSize": 32,
				"code": 58917,
				"name": "iconfont-check2"
			},
			"setIdx": 2,
			"setId": 1,
			"iconIdx": 10
		},
		{
			"icon": {
				"paths": [
					"M815.847 302.408c12.248 42.216 15.995 84.101 11.237 125.645-4.772 41.53-16.693 80.174-35.756 115.93-19.068 35.743-44.778 67.073-77.119 93.968-32.345 26.901-69.292 46.477-110.831 58.738-42.222 12.937-84.102 17.025-125.639 12.258-41.538-4.762-80.18-16.683-115.935-35.756-35.747-19.064-67.073-44.603-93.968-76.607-26.901-32-46.481-69.112-58.738-111.339-12.936-41.534-17.015-83.244-12.253-125.124 4.772-41.88 16.688-80.696 35.742-116.447 19.077-35.751 44.608-67.074 76.616-93.973 32.009-26.897 69.117-46.818 111.336-59.753 42.216-12.257 84.1-16.010 125.649-11.238 41.529 4.766 80.174 16.682 115.925 35.756 35.755 19.062 67.243 44.773 94.48 77.114 27.252 32.346 46.984 69.287 59.257 110.827v0 0zM536.982 349.396c2.722-6.133 5.625-13.965 8.68-23.5 3.065-9.529 7.666-20.762 13.79-33.697 6.133-12.941 14.644-26.901 25.539-41.885s25.88-31.326 44.945-49.029c9.538-9.533 12.086-19.747 7.665-30.648-4.43-10.895-13.452-19.742-27.071-26.549-23.827-11.579-46.135-17.366-66.898-17.366-20.776 0-38.995 2.717-54.658 8.163-19.068 6.811-33.366 19.581-42.9 38.304-9.534 18.727-12.941 38.992-10.213 60.782 2.040 21.79 7.495 42.052 16.346 60.773 8.852 18.728 18.722 33.704 29.624 44.941 10.891 11.242 21.616 18.215 32.175 20.947 10.552 2.723 18.214-1.023 22.976-11.237v0 0zM546.179 432.132c2.718 3.407 8.339 8.173 16.854 14.307 8.515 6.122 17.196 15.15 26.047 27.060 8.846 11.916 17.191 27.072 25.021 45.456 7.836 18.381 12.77 40.86 14.81 67.414 1.361 12.94 9.202 19.576 23.499 19.918 14.297 0.346 28.602-4.255 42.9-13.785 20.434-14.298 35.234-30.476 44.437-48.521 9.192-18.049 13.443-36.26 12.765-54.645-0.683-18.391-5.792-35.926-15.317-52.609-9.543-16.683-22.821-30.472-39.836-41.368-17.707-10.89-37.634-17.531-59.762-19.917-22.129-2.382-42.047-1.532-59.758 2.552-17.707 4.079-30.472 10.901-38.294 20.425-7.838 9.539-5.627 20.777 6.634 33.712v0 0zM471.617 394.336c-14.306 2.723-36.439 4.084-66.408 4.084-29.959 0-68.771-8.846-116.439-26.554-15.658-6.13-27.583-3.237-35.746 8.684-8.173 11.92-11.58 27.066-10.223 45.452 3.401 27.915 10.896 51.931 22.47 72.015 11.575 20.089 22.821 35.576 33.717 46.472 14.301 13.623 31.668 21.616 52.088 24.002 20.438 2.386 40.856-4.25 61.294-19.913 26.555-19.069 46.131-40.178 58.734-63.335 12.594-23.147 20.25-41.534 22.977-55.152 1.361-9.53-0.171-18.22-4.592-26.046-4.428-7.826-10.391-11.070-17.872-9.709v0 0zM549.244 915.112h-80.7v-188.966h80.7v188.966zM634.020 900.811c38.821 2.727 66.911 7.841 84.268 15.322 17.371 7.484 26.051 16.010 26.051 25.534 0 6.138-6.134 11.066-18.382 14.814-12.261 3.752-28.769 6.807-49.545 9.192-20.772 2.386-45.291 3.923-73.552 4.601-28.252 0.674-58.388 1.020-90.397 1.020-31.995 0-62.476-0.175-91.415-0.517-28.945-0.333-54.304-1.523-76.095-3.572-21.796-2.039-38.987-5.103-51.59-9.192-12.594-4.084-18.888-9.525-18.888-16.341 0-8.851 7.315-17.196 21.958-25.027 14.637-7.822 42.052-13.107 82.228-15.828l255.359-0.005z"
				],
				"attrs": [
					{}
				],
				"isMulticolor": false,
				"grid": 0,
				"tags": [
					"iconfont-jiajudianqibaihuo"
				]
			},
			"attrs": [
				{}
			],
			"properties": {
				"order": 62,
				"id": 17,
				"prevSize": 32,
				"code": 58913,
				"name": "iconfont-jiajudianqibaihuo"
			},
			"setIdx": 2,
			"setId": 1,
			"iconIdx": 11
		},
		{
			"icon": {
				"paths": [
					"M719.125 957.386h-416.113c-61.286 0-110.966-50.097-110.966-111.923v-671.549c0-61.826 49.68-111.925 110.966-111.925h416.113c61.287 0 110.967 50.099 110.967 111.925v671.549c0 61.826-49.68 111.923-110.967 111.923zM774.6 173.914c0-30.896-24.84-55.963-55.475-55.963h-416.113c-30.634 0-55.483 25.067-55.483 55.963v27.981h527.071l0-27.981zM774.6 257.858h-527.071v446.829h527.071l0-446.829zM774.6 760.647h-527.071v84.816c0 30.912 24.849 55.962 55.483 55.962h416.113c30.636 0 55.475-25.050 55.475-55.962v-84.816zM511.071 873.444c-22.973 0-41.601-18.791-41.601-41.972 0-23.183 18.628-41.975 41.601-41.975 22.971 0 41.597 18.791 41.597 41.975 0 23.181-18.626 41.972-41.597 41.972z"
				],
				"attrs": [
					{}
				],
				"isMulticolor": false,
				"grid": 0,
				"tags": [
					"iconfont-shouji"
				]
			},
			"attrs": [
				{}
			],
			"properties": {
				"order": 64,
				"id": 2,
				"prevSize": 32,
				"code": 58911,
				"name": "iconfont-shouji"
			},
			"setIdx": 2,
			"setId": 1,
			"iconIdx": 12
		},
		{
			"icon": {
				"paths": [
					"M916.103 769.945h-274.413v72.215l57.771 57.771v14.444h-375.512l0-14.445 57.771-57.771v-72.215l-274.413-0c-23.93 0-43.328-19.4-43.328-43.331l-0-577.708c0-23.931 19.398-43.329 43.328-43.329h808.797c23.931 0 43.33 19.398 43.33 43.329v577.709c0 23.931-19.399 43.331-43.33 43.331zM901.661 163.347h-779.912v491.057h779.912v-491.057z"
				],
				"attrs": [
					{}
				],
				"isMulticolor": false,
				"grid": 0,
				"tags": [
					"iconfont-diannao"
				]
			},
			"attrs": [
				{}
			],
			"properties": {
				"order": 65,
				"id": 13,
				"prevSize": 32,
				"code": 58901,
				"name": "iconfont-diannao"
			},
			"setIdx": 2,
			"setId": 1,
			"iconIdx": 13
		},
		{
			"icon": {
				"paths": [
					"M790.73 959.788h-557.522c-45.481 0-82.483-37.002-82.483-82.483v-386.264h-71.575c-12.583 0-23.471-7.648-27.739-19.485-4.235-11.748-0.818-24.482 8.705-32.523l410.93-355.951c12.549-10.402 28.437-16.13 44.737-16.13s32.187 5.728 44.737 16.13l0.34 0.288 410.591 355.663c9.522 8.040 12.941 20.773 8.704 32.522-4.268 11.837-15.156 19.486-27.738 19.486h-79.205v386.263c-0.001 45.482-37.003 82.484-82.484 82.484zM109.85 450.108h41.219c22.382 0 40.59 18.208 40.59 40.589l-0 386.606c0 22.912 18.64 41.55 41.55 41.55h557.521c22.912 0 41.55-18.64 41.55-41.55v-386.606c0-22.382 18.209-40.589 40.589-40.589h48.85l-387.469-335.634c-5.198-4.251-11.748-6.589-18.467-6.589s-13.268 2.339-18.467 6.589l-387.468 335.634zM510.689 432.547c-11.303 0-20.466-9.163-20.466-20.466v-29.803c0-11.303 9.163-20.466 20.466-20.466s20.466 9.163 20.466 20.466v29.803c0 11.302-9.164 20.466-20.466 20.466zM720.831 474.244c-11.303 0-20.466-9.163-20.466-20.466 0-10.443-8.497-18.938-18.939-18.938h-338.419c-10.443 0-18.938 8.495-18.938 18.938 0 11.303-9.163 20.466-20.466 20.466s-20.466-9.163-20.466-20.466c0-33.013 26.858-59.871 59.871-59.871h338.419c33.014 0 59.872 26.858 59.872 59.871-0 11.303-9.163 20.466-20.466 20.466zM469.445 843.267c-11.303 0-20.466-9.163-20.466-20.466s9.163-20.466 20.466-20.466c23.676 0 42.937-19.261 42.937-42.937v-115.978c0-29.897-24.323-54.219-54.219-54.219h-2.56c-11.303 0-20.466-9.163-20.466-20.466s9.163-20.466 20.466-20.466h2.56c52.466 0 95.151 42.685 95.151 95.151v115.978c0.001 46.245-37.623 83.869-83.869 83.869zM710.152 534.18h-395.872c-11.303 0-20.466-9.163-20.466-20.466s9.163-20.466 20.466-20.466h395.872c11.303 0 20.466 9.163 20.466 20.466s-9.163 20.466-20.466 20.466zM313.557 628.973c-11.303 0-20.466-9.163-20.466-20.466s9.163-20.466 20.466-20.466c33.096 0 64.662-7.665 93.823-22.783 27.843-14.434 52.385-35.472 70.973-60.837 6.68-9.119 19.487-11.092 28.606-4.41 9.117 6.681 11.092 19.488 4.411 28.606-22.296 30.423-51.74 55.661-85.15 72.981-34.547 17.909-73.504 27.375-112.663 27.375zM313.557 714.293c-11.303 0-20.466-9.163-20.466-20.466s9.163-20.466 20.466-20.466c36.219 0 70.764-8.388 102.676-24.933 30.47-15.797 57.328-38.818 77.669-66.575 6.682-9.117 19.49-11.090 28.606-4.41 9.117 6.681 11.092 19.489 4.41 28.606-24.049 32.815-55.809 60.035-91.846 78.719-37.259 19.316-79.279 29.526-121.516 29.526zM313.557 798.213c-11.303 0-20.466-9.163-20.466-20.466s9.163-20.466 20.466-20.466c39.774 0 77.711-9.213 112.757-27.382 33.461-17.347 62.955-42.627 85.292-73.108 6.681-9.116 19.488-11.092 28.606-4.41 9.117 6.681 11.092 19.489 4.41 28.606-26.044 35.538-60.44 65.019-99.468 85.253-40.349 20.918-85.853 31.974-131.596 31.974zM592.306 681.987c-6.794 0-13.438-3.381-17.331-9.552-6.029-9.561-3.167-22.199 6.394-28.229l115.321-72.728c9.561-6.030 22.199-3.167 28.229 6.394 6.029 9.561 3.167 22.199-6.394 28.229l-115.321 72.728c-3.389 2.138-7.166 3.158-10.898 3.158zM717.030 818.445c-5.238 0-10.475-1.997-14.473-5.995l-190.273-190.274c-7.992-7.992-7.992-20.951 0-28.943 7.994-7.991 20.952-7.991 28.944 0l190.273 190.274c7.992 7.993 7.992 20.952 0 28.944-3.996 3.995-9.234 5.994-14.472 5.994z"
				],
				"attrs": [
					{}
				],
				"isMulticolor": false,
				"grid": 0,
				"tags": [
					"iconfont-jiazhuangicon"
				]
			},
			"attrs": [
				{}
			],
			"properties": {
				"order": 66,
				"id": 9,
				"prevSize": 32,
				"code": 58905,
				"name": "iconfont-jiazhuangicon"
			},
			"setIdx": 2,
			"setId": 1,
			"iconIdx": 14
		},
		{
			"icon": {
				"paths": [
					"M761.6 230.4l70.4 76.8-108.8 108.8v371.2h-422.4v-371.2l-108.8-108.8 70.4-70.4h96c38.4 38.4 96 64 153.6 64s115.2-25.6 153.6-70.4h96zM787.2 166.4h-160c-19.2 44.8-64 70.4-115.2 70.4s-96-25.6-115.2-70.4h-160l-108.8 108.8c-12.8 19.2-12.8 44.8 0 57.6l108.8 108.8v364.8c0 25.6 19.2 44.8 44.8 44.8h454.4c25.6 0 44.8-19.2 44.8-44.8v-364.8l115.2-108.8c12.8-12.8 12.8-38.4 0-57.6l-108.8-108.8z"
				],
				"attrs": [
					{}
				],
				"isMulticolor": false,
				"grid": 0,
				"tags": [
					"iconfont-fushi"
				]
			},
			"attrs": [
				{}
			],
			"properties": {
				"order": 67,
				"id": 12,
				"prevSize": 32,
				"code": 58902,
				"name": "iconfont-fushi"
			},
			"setIdx": 2,
			"setId": 1,
			"iconIdx": 15
		},
		{
			"icon": {
				"paths": [
					"M837.562 390.19c-1.772-0.148-3.247-1.181-3.986-2.953-42.365-112.334-145.252-194.112-265.261-214.188-0.294 0-0.443-0.148-0.738-0.294-1.918-0.738-3.838-1.181-6.348-1.329-1.475-0.148-3.1-0.148-4.428-0.148-0.148 0-0.294 0-0.294 0-14.91-1.918-30.112-3.1-45.316-3.1-143.775 0-273.527 89.158-322.387 218.911-0.591 1.772-2.214 2.804-3.838 2.953-60.078 2.214-108.202 51.37-108.202 111.301 0 60.078 48.122 109.086 108.202 111.301 1.772 0.148 3.247 1.181 3.986 2.953 37.199 99.049 121.485 174.183 223.191 204.444 1.034 0.294 2.067 1.034 2.657 2.214 18.599 33.951 54.765 57.126 96.54 57.126s77.939-23.175 96.54-57.126c0.591-1.034 1.475-1.772 2.657-2.214 101.706-30.26 185.993-105.248 223.191-204.295 0.591-1.772 2.214-2.804 3.986-2.953 60.078-2.214 108.202-51.37 108.202-111.301-0.148-60.078-48.418-109.086-108.349-111.301zM577.024 785.646c-5.314 22.733-22.141 40.741-44.135 48.122-6.939 2.362-14.023 3.838-21.699 3.838s-14.762-1.623-21.699-3.838c-21.995-7.379-38.97-25.537-44.135-48.122-1.034-4.871-1.772-9.889-1.772-15.056 0-12.105 3.543-23.47 9.3-33.213 9.152-15.794 24.505-27.603 42.956-31.884 5.019-1.181 10.185-1.918 15.499-1.918s10.481 0.738 15.499 1.918c18.452 4.281 33.657 16.091 42.956 31.884 5.757 9.889 9.3 21.109 9.3 33.213-0.294 5.167-0.886 10.185-2.067 15.056zM443.285 676.706c0-11.809 27.013-29.671 67.755-29.671s67.755 17.861 67.755 29.671c0 0 0 0 0 0.148 0 3.394-3.986 5.314-6.939 3.394-17.419-11.514-38.38-18.452-60.816-18.452-22.438 0-43.398 6.79-60.816 18.452-2.804 1.918-6.79-0.148-6.939-3.543v0zM833.429 571.163c-3.1 0-6.348-0.294-10.481-0.886l-14.17-2.067c-2.214-0.294-4.281 1.034-4.871 3.1l-4.133 13.433c-26.866 87.091-94.474 155.289-178.761 187.616 0-0.591 0.148-1.181 0.148-1.918 0-19.485-5.314-37.789-14.467-53.584-1.034-1.623-0.738-3.691 0.443-5.167 8.858-10.333 14.023-22.289 14.023-35.133 0-40.003-48.27-71.297-109.824-71.297s-109.824 31.294-109.824 71.297c0 12.842 5.167 24.799 14.023 35.133 1.181 1.475 1.475 3.394 0.443 5.167-9.152 15.942-14.467 34.098-14.467 53.584 0 0.591 0.148 1.181 0.148 1.918-84.288-32.327-152.043-100.525-178.761-187.616l-4.428-13.581c-0.591-2.067-2.804-3.394-4.871-3.1l-14.17 2.067c-4.133 0.591-7.379 0.886-10.481 0.886-38.823 0-70.412-31.294-70.412-69.821s31.589-69.821 70.412-69.821c3.1 0 6.348 0.294 10.481 0.886l14.023 2.067c2.214 0.294 4.281-1.034 4.871-3.1l4.133-13.433c24.505-79.712 83.402-143.629 157.65-178.761 3.394-1.623 7.085 1.623 6.199 5.167-10.185 36.608 12.99 78.236 49.746 95.358 49.746 23.175 130.195 26.275 164.146-24.208 15.35-22.733 1.772-51.37-16.679-67.017-25.833-21.699-63.621-24.799-94.324-12.694-24.799 9.889-14.023 50.041 11.218 40.151 18.303-7.085 34.985-7.823 52.55 1.772 24.062 13.138 1.918 28.047-14.91 32.917-31.441 9.005-77.644 1.772-102.148-20.076-30.998-27.603 8.858-58.75 33.657-67.312 26.719-9.152 55.946-11.218 84.14-10.333 0.148 0 0.294 0 0.443 0 114.252 16.237 212.121 95.802 245.629 204.887l4.133 13.433c0.591 2.067 2.657 3.394 4.871 3.1l14.023-2.067c4.133-0.591 7.379-0.886 10.481-0.886 38.823 0 70.412 31.294 70.412 69.821 0 38.823-31.441 70.116-70.265 70.116zM322.981 440.229c0 15.408 12.491 27.9 27.9 27.9s27.9-12.491 27.9-27.9c0-15.408-12.491-27.9-27.9-27.9s-27.9 12.491-27.9 27.9zM637.25 440.229c0 15.408 12.491 27.9 27.9 27.9s27.9-12.491 27.9-27.9c0-15.408-12.491-27.9-27.9-27.9s-27.9 12.491-27.9 27.9z"
				],
				"attrs": [
					{}
				],
				"isMulticolor": false,
				"grid": 0,
				"tags": [
					"iconfont-muying"
				]
			},
			"attrs": [
				{}
			],
			"properties": {
				"order": 68,
				"id": 7,
				"prevSize": 32,
				"code": 58907,
				"name": "iconfont-muying"
			},
			"setIdx": 2,
			"setId": 1,
			"iconIdx": 16
		},
		{
			"icon": {
				"paths": [
					"M796.827 430.573c3.681 1.347 6.763 2.214 8.708 2.364 0.868 0.060 1.706 0.658 2.304 1.436 0.599 0.838 0.868 1.885 0.778 2.813l-4.19 35.97-1.107 2.095c-7.362 3.651-57.307-8.020-80.619-15.89l-2.005-0.748c-57.008-20.619-111.832-61.437-154.685-111.473-4.339-5.087-8.499-10.444-12.658-15.801 12.24-40.22 47.163-44.469 73.647-41.237 29.776 45.038 61.976 81.158 106.265 108.66 3.412 2.155 42.973 24.449 63.562 31.811zM676.915 117.971c0-50.227 40.717-90.944 90.944-90.944s90.944 40.717 90.944 90.944c0 50.227-40.717 90.944-90.944 90.944s-90.944-40.717-90.944-90.944zM179.493 826.008c-3.89 0-7.481-2.095-9.456-5.446v0c-1.945-3.352-1.975-7.481-0.030-10.863v0l176.74-309.101c2.993-5.237 9.636-7.062 14.873-4.040v0c5.207 2.993 7.032 9.636 4.040 14.843v0l-167.433 292.791h314.338l159.593-284.023h-286.357c-6.015 0-10.923-4.848-10.923-10.893v0c0-6.015 4.878-10.893 10.923-10.893v0h305.001c3.86 0 7.451 2.065 9.397 5.417v0c1.945 3.292 1.975 7.451 0.090 10.833v0l-171.832 305.839c-1.915 3.412-5.596 5.566-9.486 5.566v0l-339.475-0.030zM0 806.018c0.030-105.458 85.497-190.925 190.955-190.925v0c105.458 0.030 190.925 85.497 190.955 190.925v0h-0.030c0 105.487-85.467 190.955-190.925 190.955v0c-105.458 0.030-190.925-85.467-190.955-190.955v0zM21.786 806.018c0.18 93.427 75.741 168.989 169.169 169.169v0c93.427-0.18 168.989-75.741 169.169-169.169v0h-0.030c-0.15-93.398-75.712-168.959-169.139-169.139v0c-93.398 0.18-168.989 75.771-169.169 169.139v0zM641.334 806.048c0-105.458 85.467-190.925 190.925-190.955v0c105.487 0.030 190.955 85.497 190.955 190.955v0c0 105.458-85.467 190.925-190.955 190.955v0c-105.428-0.030-190.925-85.497-190.925-190.955v0zM663.149 806.048c0.18 93.427 75.741 168.989 169.139 169.139v0c93.427-0.15 168.989-75.741 169.169-169.139v0c-0.18-93.427-75.712-168.989-169.169-169.139v0c-93.398 0.15-168.989 75.712-169.139 169.139v0zM830.433 818.467c-0.12-0.269-84.689-178.805-133.198-276.961v0c-15.172-30.793-27.442-54.614-30.763-59.821v0c-1.347-1.167-2.933-3.352-3.441-8.020v0c0.030-4.638 2.723-7.422 3.98-8.439v0c1.406-1.137 2.244-1.436 2.873-1.706v0c1.197-0.449 1.676-0.509 2.065-0.599v0c0.748-0.12 1.017-0.12 1.287-0.18v0c0.509-0.030 0.838-0.030 1.257-0.060v0c0.748-0.030 1.676-0.030 2.873-0.030v0c19.152 0 109.438 2.035 132.091 2.544v0l42.913-50.185c3.89-4.579 10.773-5.117 15.352-1.197v0c4.579 3.89 5.117 10.803 1.197 15.352v0l-46.295 54.105c-2.125 2.484-5.267 3.89-8.529 3.83v0c-0.12 0-82.924-1.915-121.138-2.514v0c4.968 9.486 11.581 22.534 19.242 38.035v0c15.89 32.050 36.509 74.544 56.948 116.979v0c40.848 84.869 80.949 169.528 80.949 169.528v0l0.030 0.030c2.544 5.446 0.239 11.94-5.207 14.514v0c-1.496 0.718-3.082 1.047-4.638 1.047v0c-4.040 0-7.96-2.304-9.845-6.254v0zM355.485 511.342l-82.594-2.155c-6.015-0.15-10.773-5.147-10.594-11.162v0c0.15-6.015 5.147-10.773 11.162-10.624v0l82.594 2.155c6.015 0.15 10.773 5.147 10.594 11.192v0c-0.15 5.925-4.998 10.624-10.893 10.624v0c-0.090-0.030-0.18-0.030-0.269-0.030v0zM453.342 417.854c-1.766-1.257-5.686-4.279-5.686-4.279-0.389-0.269-6.165-36.030 0-8.559l-14.664-21.367c0.269-0.090 0.539-0.239 0.688-0.479 0.449-0.628 0.269-1.556-0.389-1.975-4.010-2.454-10.893-3.262-15.352-4.309-10.773-2.514-21.487-4.878-32.2-7.571-11.88-2.993-24.030-4.549-35.821-7.93-8.23-2.364 13.466-35.581 5.746-38.963-2.125-0.928-23.102 12.449-24.689 13.676-4.1 3.082-14.274 17.866-16.639 22.354-6.195 11.701-13.347 28.669-14.873 41.776-3.232 27.891 3.621 56.2 22.085 76.729 24 26.723 56.29 43.482 85.138 64.1 20.798 14.873 42.345 28.489 56.888 50.155 13.437 20.020 18.255 43.601 18.015 67.422-0.479 47.761-14.095 93.218-31.302 137.358-1.466 3.771-3.172 7.362-4.788 11.043-0.209 0.449-0.15 0.958 0.090 1.406 0.269 0.389 0.718 0.688 1.197 0.688h56.14l1.167-0.658c14.035-21.217 23.701-45.786 32.918-69.337 17.746-45.217 32.14-91.692 26.334-140.889-2.933-24.718-11.701-48.12-24.3-69.487-16.489-27.921-46.953-80.949-71.432-102.315-7.122-6.225-6.643-3.142-14.274-8.589zM659.558 172.106v0 0zM688.406 206.55c-5.207-25.078-29.357-43.961-63.173-48.33-50.574-6.554-99.951 17.117-140.77 44.559-17.776 11.94-34.803 24.988-51.861 37.946-18.973 14.454-38.664 29.118-56.17 45.337-23.222 21.546-45.247 45.756-61.766 72.12l135.263 79.362c0.209-0.359 0.269-0.838 0.539-1.077 27.921-26.185 77.986-57.367 101.837-77.417 40.519-34.115 90.734-57.816 122.485-101.777 12.928-17.985 16.758-35.492 13.616-50.724zM659.558 172.106v0 0 0z"
				],
				"attrs": [
					{}
				],
				"isMulticolor": false,
				"grid": 0,
				"tags": [
					"iconfont-badaxilietubiao01"
				]
			},
			"attrs": [
				{}
			],
			"properties": {
				"order": 69,
				"id": 16,
				"prevSize": 32,
				"code": 58900,
				"name": "iconfont-badaxilietubiao01"
			},
			"setIdx": 2,
			"setId": 1,
			"iconIdx": 17
		},
		{
			"icon": {
				"paths": [
					"M717.095 62.090c-57.36 0-103.876 46.514-103.876 103.847v726.929c0 0 2.164 69.231 69.231 69.231 67.097 0 69.26-69.231 69.26-69.231l-0-346.157 138.434-2.163c0 0 0-131.972 0-231.459-0-99.553-115.716-250.998-173.049-250.998zM474.756 339.016h-69.232v-276.926h-138.463v276.926h-69.231v-276.926h-69.232v315.868c0 0 62.195 59.589 138.463 86.544v428.363c0 38.27 30.995 69.231 69.26 69.231 38.203 0 69.202-30.961 69.202-69.231v-429.482c76.254-29.294 138.463-94.081 138.463-94.081l0-307.213h-69.231v276.926z"
				],
				"attrs": [
					{}
				],
				"isMulticolor": false,
				"grid": 0,
				"tags": [
					"iconfont-shipin"
				]
			},
			"attrs": [
				{}
			],
			"properties": {
				"order": 70,
				"id": 3,
				"prevSize": 32,
				"code": 58910,
				"name": "iconfont-shipin"
			},
			"setIdx": 2,
			"setId": 1,
			"iconIdx": 18
		},
		{
			"icon": {
				"paths": [
					"M922.65 620.82c-9.657-29.216-21.203-75.278-47.721-108.19-39.737-49.273-58.809-55.233-72.811-96.022 0 0-35.285-163.477-256.466-163.477-188.485 0-267.257 175.212-267.257 175.212s-172.273 30.348-172.273 144.891c0 114.516 64.609 121.314 64.609 121.314l4.66 0.001c12.328 32.181 43.495 55.031 80.019 55.031 36.493 0 67.65-22.838 79.983-55.007l371.576 0.056c12.348 32.139 43.494 54.951 79.987 54.951 36.463 0 67.598-22.801 79.952-54.927l22.343 0.003c0.002-0.001 47.697-30.524 33.399-73.835zM520.781 445.444h-190.482c0 0 25.601-48.773 77.288-85.731 53.036-37.902 113.194-52.821 113.194-52.821v138.552zM576.783 446.065v-138.2c0 0 70.247 6.069 119.965 42.623 50.122 36.85 71.11 95.577 71.11 95.577h-191.074z"
				],
				"attrs": [
					{}
				],
				"isMulticolor": false,
				"grid": 0,
				"tags": [
					"iconfont-qiche"
				]
			},
			"attrs": [
				{}
			],
			"properties": {
				"order": 71,
				"id": 5,
				"prevSize": 32,
				"code": 58908,
				"name": "iconfont-qiche"
			},
			"setIdx": 2,
			"setId": 1,
			"iconIdx": 19
		},
		{
			"icon": {
				"paths": [
					"M772.762 511.625c-11.661 0-21.114-9.452-21.114-21.114v-292.86c0-55.726-45.338-101.059-101.068-101.059l-272.849-0c-55.721 0-101.050 45.332-101.050 101.059v292.86c0 11.662-9.453 21.114-21.116 21.114s-21.114-9.452-21.114-21.114l0-292.86c0-79.008 64.274-143.286 143.279-143.286h272.849c79.013 0 143.297 64.279 143.297 143.286v292.86c-0 11.662-9.454 21.114-21.116 21.114zM793.878 875.453h-559.425v-283.892h559.425l-0 283.892zM276.681 833.226h474.966v-199.437h-474.966v199.437zM276.681 875.453h-153.425v-330.723c-62.945-10.141-111.178-64.852-111.178-130.611 0-72.954 59.346-132.31 132.293-132.31 72.955 0 132.311 59.356 132.311 132.31v461.334zM165.485 833.226h68.968v-419.107c0-49.672-40.411-90.081-90.081-90.081-49.664 0-90.065 40.41-90.065 90.081 0 49.664 40.401 90.066 90.065 90.066h21.115v329.041zM905.052 875.453h-153.404v-461.334c0-72.954 59.345-132.31 132.293-132.31 72.942 0 132.293 59.356 132.293 132.31 0 65.759-48.233 120.47-111.18 130.611v330.723zM793.878 833.226h68.948v-329.041h21.114c49.67 0 90.066-40.402 90.066-90.066 0-49.672-40.397-90.081-90.066-90.081-49.663 0-90.062 40.41-90.062 90.081v419.107zM255.566 936.439c-11.663 0-21.114-9.453-21.114-21.112v-44.111c0-11.662 9.45-21.115 21.114-21.115s21.116 9.453 21.116 21.115v44.111c-0.001 11.66-9.454 21.112-21.116 21.112zM772.762 936.439c-11.661 0-21.114-9.453-21.114-21.112v-44.111c0-11.662 9.453-21.115 21.114-21.115 11.662 0 21.116 9.453 21.116 21.115v44.111c-0 11.66-9.454 21.112-21.116 21.112z"
				],
				"attrs": [
					{}
				],
				"isMulticolor": false,
				"grid": 0,
				"tags": [
					"iconfont-tubiao"
				]
			},
			"attrs": [
				{}
			],
			"properties": {
				"order": 72,
				"id": 1,
				"prevSize": 32,
				"code": 58912,
				"name": "iconfont-tubiao"
			},
			"setIdx": 2,
			"setId": 1,
			"iconIdx": 20
		},
		{
			"icon": {
				"paths": [
					"M512 76.333c-200.528 0-363.090 162.56-363.090 363.090 0 81.831 27.071 157.339 72.745 218.057l203.606 270.671c19.792 26.311 51.278 43.327 86.739 43.327s66.946-17.016 86.739-43.327l203.606-270.671c45.674-60.719 72.745-136.227 72.745-218.057-0.001-200.529-162.561-363.090-363.090-363.090zM512 554.521c-63.568 0-115.099-51.532-115.099-115.099s51.532-115.099 115.099-115.099 115.099 51.532 115.099 115.099-51.532 115.099-115.099 115.099z"
				],
				"attrs": [
					{}
				],
				"isMulticolor": false,
				"grid": 0,
				"tags": [
					"iconfont-location"
				]
			},
			"attrs": [
				{}
			],
			"properties": {
				"order": 73,
				"id": 8,
				"prevSize": 32,
				"code": 58906,
				"name": "iconfont-location"
			},
			"setIdx": 2,
			"setId": 1,
			"iconIdx": 21
		},
		{
			"icon": {
				"paths": [
					"M323.223 305.502h377.552c31.956 0 57.961-25.986 57.961-57.951v-124.278c0-31.965-26.005-57.981-57.961-57.981l-377.552 0c-31.935 0-57.921 26.016-57.921 57.981l-0 124.278c0.001 31.965 25.986 57.951 57.921 57.951zM336.276 220.949v-71.793c0 0-0.041-6.416 3.42-9.866 3.461-3.471 9.026-3.006 9.026-3.006h324.712c0 0 7.629-0.658 11.354 3.279 3.238 3.44 2.954 8.732 2.954 8.732v74.646c0 0 0.831 4.898-3.703 8.338-4.513 3.471-9.168 3.228-9.168 3.228h-323.861c0 0-6.801 0.658-11.314-3.005-4.513-3.661-3.42-10.551-3.42-10.551zM725.607 346.604c-14.471-14.298-37.885-10.412-46.972-1.336-17.465 17.475-10.625 43.663-0.101 54.46 26.309 27.048 50.696 67.856 50.696 111.388v355.28c0 11.768-9.553 21.322-21.291 21.322l-391.88 0c-11.738 0-21.291-9.554-21.291-21.322v-50.148h312.55c15.664 0 28.393-12.699 28.393-28.405l-0-245.056c0-15.673-12.729-28.402-28.393-28.402h-312.549v-3.268c0-43.531 24.386-84.34 50.696-111.388 10.544-10.797 17.384-36.985-0.101-54.46-9.047-9.076-32.482-12.961-46.951 1.336-38.048 37.55-74.657 95.997-74.657 164.512v355.28c0 50.897 41.407 92.313 92.304 92.313h391.88c50.918 0 92.303-41.416 92.303-92.313l0-355.281c0.001-68.514-36.609-126.961-74.635-164.511zM350.665 647.971c0-5.242 4.25-9.482 9.472-9.482h60.976v-61.006c0-5.211 4.27-9.449 9.512-9.449h36.813c5.221 0 9.45 4.24 9.45 9.449v61.006h60.995c5.241 0 9.491 4.24 9.491 9.482v36.813c0 5.211-4.25 9.449-9.491 9.449h-60.995v61.006c0 5.242-4.23 9.472-9.45 9.472h-36.813c-5.241 0-9.512-4.229-9.512-9.472v-61.006h-60.976c-5.222 0-9.472-4.24-9.472-9.449v-36.813z"
				],
				"attrs": [
					{}
				],
				"isMulticolor": false,
				"grid": 0,
				"tags": [
					"iconfont-fuyiyaofei"
				]
			},
			"attrs": [
				{}
			],
			"properties": {
				"order": 74,
				"id": 11,
				"prevSize": 32,
				"code": 58903,
				"name": "iconfont-fuyiyaofei"
			},
			"setIdx": 2,
			"setId": 1,
			"iconIdx": 22
		},
		{
			"icon": {
				"paths": [
					"M341.314 72.187h-135.546c-74.869 0-146.838 49.386-146.838 124.245v135.546c0 74.869 71.975 146.838 146.838 146.838h135.546c136.995 0 124.245-4.199 124.245-146.838v-135.546c0-74.869-49.386-124.245-124.245-124.245zM420.382 316.91c0 110.962 12.4 116.726-94.135 116.726h-105.408c-58.238 0-116.726-58.494-116.726-116.726v-105.428c0-58.218 58.494-94.117 116.726-94.117h105.408c58.238 0 94.135 35.898 94.135 94.135v105.408zM341.314 569.187h-135.546c-74.869 0-146.838 49.398-146.838 124.245v135.546c0 74.845 71.975 146.838 146.838 146.838h135.546c74.869 0 124.245-71.994 124.245-146.838v-135.546c0-131.325 7.095-124.245-124.245-124.245zM420.382 813.907c0 58.218-35.898 116.726-94.135 116.726h-105.408c-58.238 0-116.726-58.511-116.726-116.726v-105.428c0-58.218 58.494-94.117 116.726-94.117h105.408c102.156 0 94.135-7.995 94.135 94.117v105.428zM838.308 72.187h-135.546c-74.869 0-146.838 49.398-146.838 124.245v135.546c0 136.995 9.851 146.838 146.838 146.838h135.546c74.869 0 124.245-71.975 124.245-146.838v-135.546c0-74.845-49.386-124.245-124.245-124.245zM917.381 316.938c0 58.218-35.898 116.688-94.135 116.688h-105.408c-106.558 0.005-116.726-10.121-116.726-116.688v-105.428c0-58.218 58.494-94.164 116.726-94.164h105.408c58.238 0 94.135 35.94 94.135 94.164v105.428zM838.308 569.187h-135.546c-136.995 0-146.838-12.72-146.838 124.245v135.546c0 74.845 71.975 146.838 146.838 146.838h135.546c74.869 0 124.245-71.994 124.245-146.838v-135.546c0-74.845-49.386-124.245-124.245-124.245zM917.381 813.907c0 58.218-35.898 116.726-94.135 116.726h-105.408c-58.238 0-116.726-58.511-116.726-116.726v-105.428c0-106.541 10.162-94.117 116.726-94.117h105.408c58.238 0 94.135 35.898 94.135 94.117v105.428z"
				],
				"attrs": [
					{}
				],
				"isMulticolor": false,
				"grid": 0,
				"tags": [
					"iconfont-qita"
				]
			},
			"attrs": [
				{}
			],
			"properties": {
				"order": 75,
				"id": 4,
				"prevSize": 32,
				"code": 58909,
				"name": "iconfont-qita"
			},
			"setIdx": 2,
			"setId": 1,
			"iconIdx": 23
		},
		{
			"icon": {
				"paths": [
					"M223.403 198.541h148.559v58.641h-148.559v-58.641zM513.995 423.823c-105.256 0-190.585 85.328-190.585 190.585s85.329 190.584 190.585 190.584c105.257 0 190.584-85.327 190.584-190.584s-85.327-190.585-190.584-190.585zM513.995 785.445c-94.461 0-171.038-76.577-171.038-171.037 0-94.462 76.577-171.038 171.038-171.038s171.037 76.576 171.037 171.038c0 94.46-76.576 171.037-171.037 171.037zM505.027 343.225c-119.571 0-234.119 21.487-340.014 60.786v442.747c0 17.631 14.293 31.924 31.923 31.924h618.489c17.631 0 31.924-14.293 31.924-31.924l0-441.886c-106.538-39.846-221.882-61.647-342.322-61.647zM823.821 824.602c0 16.414-13.308 29.722-29.722 29.722h-575.837c-16.415 0-29.722-13.308-29.722-29.722v-399.311c98.592-36.589 205.242-56.595 316.566-56.595 112.134 0 219.524 20.299 318.715 57.396l0 398.51zM815.425 138.682h-618.489c-17.63 0-31.923 14.292-31.923 31.923v207.448c106.217-39.571 221.163-61.216 341.168-61.216s234.951 21.645 341.168 61.216v-207.448c0-17.631-14.293-31.923-31.924-31.923zM818.935 342.479c-97.371-36.276-202.743-56.118-312.754-56.118s-215.383 19.842-312.754 56.118l0-145.212c0-16.163 13.103-29.265 29.265-29.265l566.978-0c16.162 0 29.265 13.102 29.265 29.265v145.212zM610.421 197.563c-16.732 0-30.298 13.565-30.298 30.298s13.565 30.298 30.298 30.298c16.733 0 30.298-13.565 30.298-30.298s-13.565-30.298-30.298-30.298zM610.421 242.521c-8.097 0-14.66-6.564-14.66-14.66s6.563-14.661 14.66-14.661 14.66 6.564 14.66 14.661c0 8.096-6.563 14.66-14.66 14.66zM680.951 197.563c-16.732 0-30.299 13.565-30.299 30.298s13.566 30.298 30.299 30.298c16.733 0 30.298-13.565 30.298-30.298s-13.564-30.298-30.298-30.298zM680.951 242.521c-8.097 0-14.66-6.565-14.66-14.66 0-8.098 6.563-14.661 14.66-14.661s14.66 6.563 14.66 14.661c0 8.096-6.563 14.66-14.66 14.66zM752.298 197.563c-16.732 0-30.298 13.565-30.298 30.298s13.565 30.298 30.298 30.298c16.733 0 30.298-13.565 30.298-30.298s-13.565-30.298-30.298-30.298zM752.298 242.521c-8.097 0-14.66-6.565-14.66-14.66 0-8.098 6.563-14.661 14.66-14.661s14.66 6.563 14.66 14.661c0 8.096-6.563 14.66-14.66 14.66zM650.652 617.862c-50.17 33.824-93.826 16.559-136.829-7.819-43.004-24.377-101.319-38.173-136.83 7.819 0 75.568 61.261 136.83 136.83 136.83 94.919 0 143.997-87.041 136.829-136.83zM512.285 728.876c-59.415 0-107.582-42.302-107.582-101.719 33.863-29.225 73.771-8.698 107.582 10.468 33.813 19.167 63.763 33.479 105.629 14.943-13.506 35.333-38.608 76.308-105.629 76.308z"
				],
				"attrs": [
					{}
				],
				"isMulticolor": false,
				"grid": 0,
				"tags": [
					"iconfont-ico5"
				]
			},
			"attrs": [
				{}
			],
			"properties": {
				"order": 63,
				"id": 10,
				"prevSize": 32,
				"code": 58904,
				"name": "iconfont-jiadian"
			},
			"setIdx": 2,
			"setId": 1,
			"iconIdx": 24
		},
		{
			"icon": {
				"paths": [
					"M512 928c-8.192 0-16.384-3.136-22.624-9.376l-96-96c-12.512-12.512-12.512-32.736 0-45.248s32.736-12.512 45.248 0l73.376 73.376 73.376-73.376c5.984-6.016 14.112-9.376 22.624-9.376h224c17.664 0 32-14.336 32-32v-512c0-17.632-14.336-32-32-32h-640c-17.632 0-32 14.368-32 32v512c0 17.664 14.368 32 32 32h96c17.664 0 32 14.304 32 32s-14.336 32-32 32h-96c-52.928 0-96-43.072-96-96v-512c0-52.928 43.072-96 96-96h640c52.928 0 96 43.072 96 96v512c0 52.928-43.072 96-96 96h-210.752l-86.624 86.624c-6.24 6.24-14.432 9.376-22.624 9.376zM336 512c-26.464 0-48-21.536-48-48s21.536-48 48-48 48 21.536 48 48-21.536 48-48 48zM528 512c-26.464 0-48-21.536-48-48s21.536-48 48-48 48 21.536 48 48-21.536 48-48 48zM720 512c-26.464 0-48-21.536-48-48s21.536-48 48-48 48 21.536 48 48-21.536 48-48 48z"
				],
				"attrs": [
					{}
				],
				"isMulticolor": false,
				"grid": 0,
				"tags": [
					"iconfont-comment"
				]
			},
			"attrs": [
				{}
			],
			"properties": {
				"order": 61,
				"id": 18,
				"prevSize": 32,
				"code": 58914,
				"name": "iconfont-comment"
			},
			"setIdx": 2,
			"setId": 1,
			"iconIdx": 25
		},
		{
			"icon": {
				"paths": [
					"M508.108 97.368c1.31 0 2.947-0.657 4.917-1.964 3.933-2.62 9.172-7.21 15.726-13.762 7.866-7.209 15.73-12.456 23.592-15.731 7.867-3.276 18.351-2.291 31.458 2.947 6.551 1.971 11.798 4.754 15.73 8.358 3.932 3.605 7.7 7.045 11.3 10.322 3.605 3.277 7.538 6.060 11.798 8.357 4.261 2.292 9.667 3.44 16.219 3.44s12.126-0.983 16.715-2.952c4.583-1.964 9.010-3.764 13.269-5.406 4.258-1.635 8.517-2.784 12.779-3.439 4.261-0.656 9.337 0 15.237 1.964 6.554 2.625 10.974 6.393 13.269 11.304 2.294 4.919 2.95 9.994 1.967 15.239-0.984 5.24-3.277 10.487-6.883 15.727-3.603 5.244-8.029 9.5-13.269 12.781-12.45 7.862-21.955 15.891-28.508 24.084-6.553 8.191-13.107 16.874-19.659 26.048-3.276 4.589-6.881 9.83-10.812 15.727-3.935 5.901-7.54 11.798-10.814 17.694-3.934 7.21-8.191 14.090-12.776 20.642l-203.49-0c-4.59-7.86-9.173-15.398-13.76-22.606-3.935-6.553-8.196-13.107-12.779-19.659-4.589-6.556-8.521-12.454-11.798-17.695-6.552-9.829-13.925-18.515-22.12-26.052-8.19-7.537-16.219-14.254-24.085-20.151-8.516-5.897-14.414-13.925-17.695-24.084-3.276-10.157-0.323-18.838 8.851-26.048 4.587-3.276 9.828-4.589 15.726-3.933 5.901 0.657 12.125 1.964 18.678 3.933 6.552 1.965 12.942 3.928 19.168 5.897 6.229 1.964 11.96 2.292 17.202 0.983 9.178-1.968 16.058-5.409 20.643-10.32 4.589-4.918 12.456-10.979 23.596-18.186 8.516-5.245 18.016-7.045 28.504-5.41 10.485 1.64 18.352 5.081 23.596 10.322 2.619 3.282 5.404 6.065 8.352 8.357 2.949 2.293 6.059 4.425 9.337 6.39 3.277 2.62 6.881 4.917 10.816 6.881v0zM853.638 610.989c-4.913-32.436-13.599-61.108-26.048-86.012-12.455-24.9-27.033-46.691-43.746-65.37-16.712-18.675-32.931-34.898-48.661-48.66-19.002-15.725-35.711-30.636-50.131-44.726-14.419-14.092-26.539-26.704-36.367-37.846-11.799-12.45-21.63-23.92-29.496-34.406l-221.179-0c-8.518 11.142-18.351 22.939-29.489 35.39-9.178 11.141-20.643 23.428-34.405 36.862-13.762 13.434-29.164 27.688-46.203 42.761-19.659 17.041-37.846 36.37-54.557 57.998-16.711 21.629-30.636 45.384-41.779 71.269-11.142 25.887-18.843 53.575-23.1 83.062-4.259 29.494-3.439 60.295 2.457 92.408 5.239 28.832 16.054 57.833 32.44 86.994 16.383 29.164 38.497 55.54 66.349 79.129 27.853 23.601 61.767 42.765 101.743 57.51 39.975 14.748 85.85 22.116 137.622 22.116 50.462 0 95.517-6.389 135.169-19.167 39.645-12.777 73.885-29.98 102.725-51.607 28.836-21.628 51.936-47.019 69.301-76.183 17.369-29.165 29.002-60.132 34.899-92.895 6.553-39.981 7.373-76.185 2.456-108.627zM626.563 768.275c-4.261 2.948-9.663 4.425-16.218 4.425h-68.811v19.659c0 5.897-2.46 11.629-7.373 17.202-4.918 5.569-11.308 8.030-19.173 7.374-7.861 0-14.419-1.805-19.66-5.409-5.244-3.603-8.193-9.995-8.844-19.166v-19.659h-66.847c-6.552 0-11.961-1.805-16.219-5.41-4.259-3.603-6.064-8.030-5.407-13.268 0-5.898 2.133-10.651 6.389-14.257 4.262-3.603 9.342-5.403 15.238-5.403h66.847v-34.405h-66.847c-6.552 0-11.798-1.97-15.73-5.901-3.927-3.935-5.896-8.518-5.896-13.763 0-5.24 2.133-10.158 6.389-14.742 4.262-4.586 9.342-6.882 15.238-6.882h66.847l0.979-20.642c-11.794-11.799-22.606-22.94-32.435-33.425-8.522-9.174-16.388-17.694-23.597-25.556l-14.742-13.761c-3.276-3.933-6.225-9.343-8.85-16.222-2.622-6.884-1.308-13.926 3.932-21.136 5.896-6.553 13.108-8.352 21.628-5.405 8.517 2.949 15.399 6.718 20.643 11.307 2.621 3.277 7.209 8.191 13.763 14.741l47.182 47.188c11.144-10.485 21.3-19.986 30.474-28.507 7.867-7.21 15.731-14.256 23.597-21.135 7.861-6.881 13.433-11.629 16.712-14.255 5.895-5.24 12.447-7.86 19.658-7.86s13.105 2.948 17.695 8.844c8.516 9.829 5.24 21.298-9.83 34.406-3.931 3.276-9.829 9.010-17.693 17.204-7.867 8.194-15.732 16.218-23.592 24.082-9.178 9.829-19.336 19.986-30.474 30.472v18.679h63.894c9.173 0 15.889 2.13 20.151 6.389 4.261 4.26 6.389 9.010 6.389 14.255 0 5.898-1.965 10.978-5.896 15.234-3.934 4.26-10.485 6.067-19.659 5.409l-63.899 0.985-0.98 33.42h62.912c18.351 0 27.523 6.882 27.523 20.644 0.659 6.55-1.143 11.304-5.404 14.253z"
				],
				"attrs": [
					{}
				],
				"isMulticolor": false,
				"grid": 0,
				"tags": [
					"iconfont-coin2"
				]
			},
			"attrs": [
				{}
			],
			"properties": {
				"order": 76,
				"id": 19,
				"prevSize": 32,
				"code": 58915,
				"name": "iconfont-coin2"
			},
			"setIdx": 2,
			"setId": 1,
			"iconIdx": 26
		},
		{
			"icon": {
				"paths": [
					"M480 64c-265.088 0-480 214.912-480 480s214.912 480 480 480c265.088 0 480-214.912 480-480s-214.912-480-480-480zM480 928c-212.064 0-384-171.936-384-384s171.936-384 384-384c212.064 0 384 171.936 384 384s-171.936 384-384 384zM512 512v-128h128v-64h-128v-64h-64v64h-128v256h128v128h-128v64h128v64h64v-64h128v-256h-128zM448 512h-64v-128h64v128zM576 704h-64v-128h64v128z"
				],
				"attrs": [
					{}
				],
				"isMulticolor": false,
				"grid": 0,
				"tags": [
					"iconfont-coin"
				]
			},
			"attrs": [
				{}
			],
			"properties": {
				"order": 77,
				"id": 20,
				"prevSize": 32,
				"code": 58916,
				"name": "iconfont-coin"
			},
			"setIdx": 2,
			"setId": 1,
			"iconIdx": 27
		},
		{
			"icon": {
				"paths": [
					"M1012 512l-133.792-94.2 66.792-145.8-164.92-17.36-18.080-158.32-151.872 64.16-98.128-128.48-98.128 128.44-151.872-64.12-18.080 158.32-164.92 17.36 66.816 145.8-133.816 94.2 133.784 94.2-66.784 145.8 164.92 17.36 18.080 158.32 151.872-64.16 98.128 128.48 98.128-128.44 151.872 64.12 18.080-158.32 164.92-17.36-66.824-145.8 133.824-94.2zM363.356 576h-50.041l-79.919-128.264-0.136 128.21h-40.927l-0-191.946h54.599l73.592 128.682v-128.682h42.832v192zM576.133 576h-165.022v-192h165.421v35.782h-118.614v40.090h112.68v35.543h-112.68v45.803h118.215l0 34.782zM792.441 576h-40.594l-20.297-128.588-20.296 128.588h-40.594l-43.771-192h40.956l23.112 128.682c4.044-21.172 17.843-128.651 17.843-128.651h40.956l22.388 128.651c2.488-21.438 18.567-128.651 18.567-128.651h40.956l-39.226 191.969z"
				],
				"attrs": [
					{}
				],
				"isMulticolor": false,
				"grid": 0,
				"tags": [
					"iconfont-newnew"
				]
			},
			"attrs": [
				{}
			],
			"properties": {
				"order": 45,
				"id": 1,
				"prevSize": 32,
				"code": 58898,
				"name": "iconfont-newnew"
			},
			"setIdx": 2,
			"setId": 1,
			"iconIdx": 28
		},
		{
			"icon": {
				"paths": [
					"M512 5.272c-280.955 0-508.7 227.745-508.7 508.738 0 280.879 227.745 508.625 508.7 508.625 280.993 0 508.738-227.745 508.738-508.625-0.038-280.993-227.783-508.738-508.738-508.738zM430.611 737.773l-223.839-223.763 91.591-81.389 132.248 132.172 295.064-284.786 91.553 91.553-386.617 366.213z"
				],
				"attrs": [
					{}
				],
				"isMulticolor": false,
				"grid": 0,
				"tags": [
					"iconfont-check"
				]
			},
			"attrs": [
				{}
			],
			"properties": {
				"order": 44,
				"id": 0,
				"prevSize": 32,
				"code": 58899,
				"name": "iconfont-check"
			},
			"setIdx": 2,
			"setId": 1,
			"iconIdx": 29
		},
		{
			"icon": {
				"paths": [
					"M1042.286 512q53.143 0 90.571 37.429t37.429 90.571v219.429q0 8-5.143 13.143t-13.143 5.143h-54.857v36.571q0 45.714-32 77.714t-77.714 32-77.714-32-32-77.714v-36.571h-585.143v36.571q0 45.714-32 77.714t-77.714 32-77.714-32-32-77.714v-36.571h-54.857q-8 0-13.143-5.143t-5.143-13.143v-219.429q0-53.143 37.429-90.571t90.571-37.429h16l60-239.429q13.143-53.714 59.429-90t102.286-36.286h73.143v-128q0-8 5.143-13.143t13.143-5.143h256q8 0 13.143 5.143t5.143 13.143v128h73.143q56 0 102.286 36.286t59.429 90l60 239.429h16zM182.857 786.286q37.714 0 64.571-26.857t26.857-64.571-26.857-64.571-64.571-26.857-64.571 26.857-26.857 64.571 26.857 64.571 64.571 26.857zM294.857 512h580.571l-50.857-204q-1.143-4.571-8-10t-12-5.429h-438.857q-5.143 0-12 5.429t-8 10zM987.429 786.286q37.714 0 64.571-26.857t26.857-64.571-26.857-64.571-64.571-26.857-64.571 26.857-26.857 64.571 26.857 64.571 64.571 26.857z"
				],
				"attrs": [
					{}
				],
				"isMulticolor": false,
				"width": 1170,
				"tags": [
					"cab",
					"taxi"
				],
				"grid": 14
			},
			"attrs": [
				{}
			],
			"properties": {
				"order": 1,
				"id": 0,
				"prevSize": 28,
				"code": 58880,
				"name": "cab"
			},
			"setIdx": 2,
			"setId": 1,
			"iconIdx": 43
		}
	],
	"height": 1024,
	"metadata": {
		"name": "qmm"
	},
	"preferences": {
		"showGlyphs": true,
		"showQuickUse": true,
		"showQuickUse2": true,
		"showSVGs": true,
		"fontPref": {
			"prefix": "qmm-icon-",
			"metadata": {
				"fontFamily": "qmm",
				"majorVersion": 1,
				"minorVersion": 0
			},
			"metrics": {
				"emSize": 1024,
				"baseline": 6.25,
				"whitespace": 50
			},
			"embed": false,
			"ie7": true,
			"showSelector": false,
			"showMetrics": false,
			"showMetadata": false,
			"showVersion": false
		},
		"imagePref": {
			"prefix": "icon-",
			"png": true,
			"useClassSelector": true,
			"color": 4473924,
			"bgColor": 16777215,
			"classSelector": ".icon",
			"columns": 16,
			"margin": 16,
			"height": 32
		},
		"historySize": 100,
		"gridSize": 16
	}
}