{
	"IcoMoonType": "selection",
	"icons": [
		{
			"icon": {
				"paths": [
					"M1012 512l-133.792-94.2 66.792-145.8-164.92-17.36-18.080-158.32-151.872 64.16-98.128-128.48-98.128 128.44-151.872-64.12-18.080 158.32-164.92 17.36 66.816 145.8-133.816 94.2 133.784 94.2-66.784 145.8 164.92 17.36 18.080 158.32 151.872-64.16 98.128 128.48 98.128-128.44 151.872 64.12 18.080-158.32 164.92-17.36-66.824-145.8 133.824-94.2zM363.356 576h-50.041l-79.919-128.264-0.136 128.21h-40.927l-0-191.946h54.599l73.592 128.682v-128.682h42.832v192zM576.133 576h-165.022v-192h165.421v35.782h-118.614v40.090h112.68v35.543h-112.68v45.803h118.215l0 34.782zM792.441 576h-40.594l-20.297-128.588-20.296 128.588h-40.594l-43.771-192h40.956l23.112 128.682c4.044-21.172 17.843-128.651 17.843-128.651h40.956l22.388 128.651c2.488-21.438 18.567-128.651 18.567-128.651h40.956l-39.226 191.969z"
				],
				"attrs": [
					{}
				],
				"isMulticolor": false,
				"grid": 0,
				"tags": [
					"iconfont-newnew"
				]
			},
			"attrs": [
				{}
			],
			"properties": {
				"order": 45,
				"id": 1,
				"prevSize": 24,
				"code": 58898,
				"name": "iconfont-newnew"
			},
			"setIdx": 0,
			"setId": 2,
			"iconIdx": 0
		},
		{
			"icon": {
				"paths": [
					"M512 5.272c-280.955 0-508.7 227.745-508.7 508.738 0 280.879 227.745 508.625 508.7 508.625 280.993 0 508.738-227.745 508.738-508.625-0.038-280.993-227.783-508.738-508.738-508.738zM430.611 737.773l-223.839-223.763 91.591-81.389 132.248 132.172 295.064-284.786 91.553 91.553-386.617 366.213z"
				],
				"attrs": [
					{}
				],
				"isMulticolor": false,
				"grid": 0,
				"tags": [
					"iconfont-check"
				]
			},
			"attrs": [
				{}
			],
			"properties": {
				"order": 44,
				"id": 0,
				"prevSize": 24,
				"code": 58899,
				"name": "iconfont-check"
			},
			"setIdx": 0,
			"setId": 2,
			"iconIdx": 1
		},
		{
			"icon": {
				"paths": [
					"M512 726q88 0 151-63t63-151-63-151-151-63-151 63-63 151 63 151 151 63zM384 86h256l78 84h136q34 0 59 26t25 60v512q0 34-25 60t-59 26h-684q-34 0-59-26t-25-60v-512q0-34 25-60t59-26h136zM376 512q0-56 40-96t96-40 96 40 40 96-40 96-96 40-96-40-40-96z"
				],
				"attrs": [
					{}
				],
				"isMulticolor": false,
				"tags": [
					"local_see"
				],
				"defaultCode": 57839,
				"grid": 24
			},
			"attrs": [
				{}
			],
			"properties": {
				"order": 30,
				"id": 495,
				"prevSize": 24,
				"code": 57839,
				"name": "local_see",
				"ligatures": "local_see"
			},
			"setIdx": 1,
			"setId": 1,
			"iconIdx": 0
		},
		{
			"icon": {
				"paths": [
					"M214 470h596l-64-192h-468zM746 682q26 0 45-19t19-45-19-45-45-19-45 19-19 45 19 45 45 19zM278 682q26 0 45-19t19-45-19-45-45-19-45 19-19 45 19 45 45 19zM808 256l88 256v342q0 18-12 30t-30 12h-44q-18 0-30-12t-12-30v-44h-512v44q0 18-12 30t-30 12h-44q-18 0-30-12t-12-30v-342l88-256q12-42 62-42h106v-86h256v86h106q50 0 62 42z"
				],
				"attrs": [
					{}
				],
				"isMulticolor": false,
				"tags": [
					"local_taxi"
				],
				"defaultCode": 57841,
				"grid": 24
			},
			"attrs": [
				{}
			],
			"properties": {
				"order": 29,
				"id": 497,
				"prevSize": 24,
				"code": 57841,
				"name": "local_taxi",
				"ligatures": "local_taxi"
			},
			"setIdx": 1,
			"setId": 1,
			"iconIdx": 1
		},
		{
			"icon": {
				"paths": [
					"M810 576q26 0 45-18t19-46-19-46-45-18-45 18-19 46 19 46 45 18zM598 576q26 0 45-18t19-46-19-46-45-18-45 18-19 46 19 46 45 18zM384 576q28 0 46-18t18-46-18-46-46-18-46 18-18 46 18 46 46 18zM938 128q34 0 60 26t26 60v596q0 34-26 60t-60 26h-636q-44 0-72-38l-230-346 230-346q28-38 68-38h640z"
				],
				"attrs": [
					{}
				],
				"isMulticolor": false,
				"tags": [
					"more"
				],
				"defaultCode": 57887,
				"grid": 24
			},
			"attrs": [
				{}
			],
			"properties": {
				"order": 24,
				"id": 543,
				"prevSize": 24,
				"code": 57887,
				"name": "more",
				"ligatures": "more"
			},
			"setIdx": 1,
			"setId": 1,
			"iconIdx": 2
		},
		{
			"icon": {
				"paths": [
					"M768 682l86 86v42h-726v-42l86-86v-234q0-96 60-172t152-98v-28q0-26 19-45t45-19 45 19 19 45v28q92 22 153 98t61 172v234zM490 938q-34 0-59-25t-25-59h170q0 34-26 59t-60 25z"
				],
				"attrs": [
					{}
				],
				"isMulticolor": false,
				"tags": [
					"notifications"
				],
				"defaultCode": 57930,
				"grid": 24
			},
			"attrs": [
				{}
			],
			"properties": {
				"order": 32,
				"id": 586,
				"prevSize": 24,
				"code": 57930,
				"name": "notifications",
				"ligatures": "notifications"
			},
			"setIdx": 1,
			"setId": 1,
			"iconIdx": 3
		},
		{
			"icon": {
				"paths": [
					"M512 854q140 0 241-101t101-241q0-44-14-96-38 10-96 10-220 0-348-180-66 160-224 230-2 12-2 36 0 140 101 241t241 101zM512 86q176 0 301 125t125 301-125 301-301 125-301-125-125-301 125-301 301-125zM640 502q22 0 38 15t16 37-16 38-38 16-38-16-16-38 16-37 38-15zM384 502q22 0 38 15t16 37-16 38-38 16-38-16-16-38 16-37 38-15z"
				],
				"attrs": [
					{}
				],
				"isMulticolor": false,
				"tags": [
					"face"
				],
				"defaultCode": 58000,
				"grid": 24
			},
			"attrs": [
				{}
			],
			"properties": {
				"order": 25,
				"id": 656,
				"prevSize": 24,
				"code": 58000,
				"name": "face",
				"ligatures": "face"
			},
			"setIdx": 1,
			"setId": 1,
			"iconIdx": 4
		},
		{
			"icon": {
				"paths": [
					"M512 736l-264 160 70-300-232-202 306-26 120-282 120 282 306 26-232 202 70 300z"
				],
				"attrs": [
					{}
				],
				"isMulticolor": false,
				"tags": [
					"grade"
				],
				"defaultCode": 58009,
				"grid": 24
			},
			"attrs": [
				{}
			],
			"properties": {
				"order": 33,
				"id": 665,
				"prevSize": 24,
				"code": 58009,
				"name": "grade",
				"ligatures": "grade"
			},
			"setIdx": 1,
			"setId": 1,
			"iconIdx": 5
		},
		{
			"icon": {
				"paths": [
					"M512 342h64v180l150 90-32 52-182-110v-212zM554 128q158 0 271 112t113 272-113 272-271 112-270-112l60-62q88 88 210 88 124 0 212-87t88-211-88-211-212-87-211 87-87 211h128l-172 172-4-6-166-166h128q0-160 113-272t271-112z"
				],
				"attrs": [
					{}
				],
				"isMulticolor": false,
				"tags": [
					"history"
				],
				"defaultCode": 58013,
				"grid": 24
			},
			"attrs": [
				{}
			],
			"properties": {
				"order": 34,
				"id": 669,
				"prevSize": 24,
				"code": 58013,
				"name": "history",
				"ligatures": "history"
			},
			"setIdx": 1,
			"setId": 1,
			"iconIdx": 6
		},
		{
			"icon": {
				"paths": [
					"M736 652q32-32 32-76t-31-75-75-31q-46 0-76 30l-32 32-30-32q-30-30-76-30-44 0-75 31t-31 75q0 46 30 76l182 182zM234 298q26 0 45-19t19-45-19-45-45-19-45 19-19 45 19 45 45 19zM914 494q24 24 24 60t-24 60l-300 300q-24 24-60 24t-60-24l-384-384q-24-24-24-60v-300q0-34 25-59t59-25h300q36 0 60 24z"
				],
				"attrs": [
					{}
				],
				"isMulticolor": false,
				"tags": [
					"loyalty"
				],
				"defaultCode": 58030,
				"grid": 24
			},
			"attrs": [
				{}
			],
			"properties": {
				"order": 35,
				"id": 686,
				"prevSize": 24,
				"code": 58030,
				"name": "loyalty",
				"ligatures": "loyalty"
			},
			"setIdx": 1,
			"setId": 1,
			"iconIdx": 7
		},
		{
			"icon": {
				"paths": [
					"M384 214h512v170h-512v-170zM384 810v-170h512v170h-512zM384 598v-172h512v172h-512zM170 384v-170h172v170h-172zM170 810v-170h172v170h-172zM170 598v-172h172v172h-172z"
				],
				"attrs": [
					{}
				],
				"isMulticolor": false,
				"tags": [
					"view_list"
				],
				"defaultCode": 58113,
				"grid": 24
			},
			"attrs": [
				{}
			],
			"properties": {
				"order": 37,
				"id": 769,
				"prevSize": 24,
				"code": 58113,
				"name": "view_list",
				"ligatures": "view_list"
			},
			"setIdx": 1,
			"setId": 1,
			"iconIdx": 8
		},
		{
			"icon": {
				"paths": [
					"M682 214h214v256h-214v-256zM426 470v-256h214v256h-214zM682 768v-256h214v256h-214zM426 768v-256h214v256h-214zM170 768v-256h214v256h-214zM170 470v-256h214v256h-214z"
				],
				"attrs": [
					{}
				],
				"isMulticolor": false,
				"tags": [
					"view_module"
				],
				"defaultCode": 58114,
				"grid": 24
			},
			"attrs": [
				{}
			],
			"properties": {
				"order": 39,
				"id": 770,
				"prevSize": 24,
				"code": 58114,
				"name": "view_module",
				"ligatures": "view_module"
			},
			"setIdx": 1,
			"setId": 1,
			"iconIdx": 9
		},
		{
			"icon": {
				"paths": [
					"M426 214h470v256h-470v-256zM682 768v-256h214v256h-214zM170 768v-554h214v554h-214zM426 768v-256h214v256h-214z"
				],
				"attrs": [
					{}
				],
				"isMulticolor": false,
				"tags": [
					"view_quilt"
				],
				"defaultCode": 58115,
				"grid": 24
			},
			"attrs": [
				{}
			],
			"properties": {
				"order": 38,
				"id": 771,
				"prevSize": 24,
				"code": 58115,
				"name": "view_quilt",
				"ligatures": "view_quilt"
			},
			"setIdx": 1,
			"setId": 1,
			"iconIdx": 10
		},
		{
			"icon": {
				"paths": [
					"M598 256v-86h-172v86h172zM854 256q36 0 60 25t24 61v468q0 36-24 61t-60 25h-684q-36 0-60-25t-24-61v-468q0-36 24-61t60-25h172v-86q0-36 24-60t60-24h172q36 0 60 24t24 60v86h172z"
				],
				"attrs": [
					{}
				],
				"isMulticolor": false,
				"tags": [
					"work"
				],
				"defaultCode": 58123,
				"grid": 24
			},
			"attrs": [
				{}
			],
			"properties": {
				"order": 26,
				"id": 779,
				"prevSize": 24,
				"code": 58123,
				"name": "work",
				"ligatures": "work"
			},
			"setIdx": 1,
			"setId": 1,
			"iconIdx": 11
		},
		{
			"icon": {
				"paths": [
					"M512 726l-54-118-116-54 116-52 54-118 54 118 116 52-116 54zM512 768q88 0 151-63t63-151-63-150-151-62-151 62-63 150 63 151 151 63zM384 128h256l78 86h136q34 0 59 25t25 59v512q0 34-25 60t-59 26h-684q-34 0-59-26t-25-60v-512q0-34 25-59t59-25h136z"
				],
				"attrs": [
					{}
				],
				"isMulticolor": false,
				"tags": [
					"camera_enhance"
				],
				"defaultCode": 58126,
				"grid": 24
			},
			"attrs": [
				{}
			],
			"properties": {
				"order": 27,
				"id": 782,
				"prevSize": 24,
				"code": 58126,
				"name": "camera_enhance",
				"ligatures": "camera_enhance"
			},
			"setIdx": 1,
			"setId": 1,
			"iconIdx": 12
		},
		{
			"icon": {
				"paths": [
					"M1042.286 512q53.143 0 90.571 37.429t37.429 90.571v219.429q0 8-5.143 13.143t-13.143 5.143h-54.857v36.571q0 45.714-32 77.714t-77.714 32-77.714-32-32-77.714v-36.571h-585.143v36.571q0 45.714-32 77.714t-77.714 32-77.714-32-32-77.714v-36.571h-54.857q-8 0-13.143-5.143t-5.143-13.143v-219.429q0-53.143 37.429-90.571t90.571-37.429h16l60-239.429q13.143-53.714 59.429-90t102.286-36.286h73.143v-128q0-8 5.143-13.143t13.143-5.143h256q8 0 13.143 5.143t5.143 13.143v128h73.143q56 0 102.286 36.286t59.429 90l60 239.429h16zM182.857 786.286q37.714 0 64.571-26.857t26.857-64.571-26.857-64.571-64.571-26.857-64.571 26.857-26.857 64.571 26.857 64.571 64.571 26.857zM294.857 512h580.571l-50.857-204q-1.143-4.571-8-10t-12-5.429h-438.857q-5.143 0-12 5.429t-8 10zM987.429 786.286q37.714 0 64.571-26.857t26.857-64.571-26.857-64.571-64.571-26.857-64.571 26.857-26.857 64.571 26.857 64.571 64.571 26.857z"
				],
				"attrs": [
					{}
				],
				"isMulticolor": false,
				"width": 1170,
				"tags": [
					"cab",
					"taxi"
				],
				"grid": 14
			},
			"attrs": [
				{}
			],
			"properties": {
				"order": 1,
				"id": 0,
				"prevSize": 28,
				"code": 58880,
				"name": "cab"
			},
			"setIdx": 1,
			"setId": 1,
			"iconIdx": 13
		},
		{
			"icon": {
				"paths": [
					"M480 704c88.366 0 160-71.634 160-160v-384c0-88.366-71.634-160-160-160s-160 71.634-160 160v384c0 88.366 71.636 160 160 160zM704 448v96c0 123.71-100.29 224-224 224-123.712 0-224-100.29-224-224v-96h-64v96c0 148.238 112.004 270.3 256 286.22v129.78h-128v64h320v-64h-128v-129.78c143.994-15.92 256-137.982 256-286.22v-96h-64z"
				],
				"attrs": [],
				"isMulticolor": false,
				"tags": [
					"mic",
					"microphone",
					"voice",
					"audio"
				],
				"grid": 16
			},
			"attrs": [],
			"properties": {
				"id": 167,
				"order": 15,
				"prevSize": 16,
				"ligatures": "mic, microphone",
				"name": "mic",
				"code": 58889
			},
			"setIdx": 1,
			"setId": 1,
			"iconIdx": 14
		},
		{
			"icon": {
				"paths": [
					"M896 128v832h-672c-53.026 0-96-42.98-96-96s42.974-96 96-96h608v-768h-640c-70.398 0-128 57.6-128 128v768c0 70.4 57.602 128 128 128h768v-896h-64z",
					"M224.056 832v0c-0.018 0.002-0.038 0-0.056 0-17.672 0-32 14.326-32 32s14.328 32 32 32c0.018 0 0.038-0.002 0.056-0.002v0.002h607.89v-64h-607.89z"
				],
				"attrs": [],
				"isMulticolor": false,
				"tags": [
					"book",
					"read",
					"reading"
				],
				"grid": 16
			},
			"attrs": [],
			"properties": {
				"order": 13,
				"id": 1612,
				"prevSize": 16,
				"ligatures": "book, read",
				"name": "book",
				"code": 58881
			},
			"setIdx": 1,
			"setId": 1,
			"iconIdx": 15
		},
		{
			"icon": {
				"paths": [
					"M976 0h-384c-26.4 0-63.274 15.274-81.942 33.942l-476.116 476.116c-18.668 18.668-18.668 49.214 0 67.882l412.118 412.118c18.668 18.668 49.214 18.668 67.882 0l476.118-476.118c18.666-18.666 33.94-55.54 33.94-81.94v-384c0-26.4-21.6-48-48-48zM736 384c-53.020 0-96-42.98-96-96s42.98-96 96-96 96 42.98 96 96-42.98 96-96 96z"
				],
				"attrs": [],
				"isMulticolor": false,
				"tags": [
					"price-tag"
				],
				"grid": 16
			},
			"attrs": [],
			"properties": {
				"order": 7,
				"id": 1471,
				"prevSize": 16,
				"ligatures": "price-tag",
				"name": "price-tag",
				"code": 58882
			},
			"setIdx": 1,
			"setId": 1,
			"iconIdx": 16
		},
		{
			"icon": {
				"paths": [
					"M1232 0h-384c-26.4 0-63.274 15.274-81.942 33.942l-476.116 476.116c-18.668 18.668-18.668 49.214 0 67.882l412.118 412.118c18.668 18.668 49.214 18.668 67.882 0l476.118-476.118c18.666-18.666 33.94-55.54 33.94-81.94v-384c0-26.4-21.6-48-48-48zM992 384c-53.020 0-96-42.98-96-96s42.98-96 96-96 96 42.98 96 96-42.98 96-96 96z",
					"M128 544l544-544h-80c-26.4 0-63.274 15.274-81.942 33.942l-476.116 476.116c-18.668 18.668-18.668 49.214 0 67.882l412.118 412.118c18.668 18.668 49.214 18.668 67.882 0l30.058-30.058-416-416z"
				],
				"width": 1280,
				"attrs": [],
				"isMulticolor": false,
				"tags": [
					"price-tags"
				],
				"grid": 16
			},
			"attrs": [],
			"properties": {
				"order": 20,
				"id": 1470,
				"prevSize": 16,
				"ligatures": "price-tags",
				"name": "price-tags",
				"code": 58891
			},
			"setIdx": 1,
			"setId": 1,
			"iconIdx": 17
		},
		{
			"icon": {
				"paths": [
					"M480 64c-265.096 0-480 214.904-480 480s214.904 480 480 480c265.098 0 480-214.902 480-480s-214.902-480-480-480zM480 928c-212.078 0-384-171.922-384-384s171.922-384 384-384c212.076 0 384 171.922 384 384s-171.924 384-384 384z",
					"M608 576c17.674 0 32-14.326 32-32s-14.326-32-32-32h-68.208l94.832-142.25c9.804-14.704 5.83-34.572-8.876-44.376-14.704-9.802-34.572-5.83-44.376 8.876l-101.372 152.062-101.374-152.062c-9.804-14.706-29.672-18.68-44.376-8.876-14.706 9.804-18.678 29.672-8.876 44.376l94.834 142.25h-68.208c-17.672 0-32 14.326-32 32s14.328 32 32 32h96v64h-96c-17.672 0-32 14.326-32 32s14.328 32 32 32h96v96c0 17.674 14.328 32 32 32s32-14.326 32-32v-96h96c17.674 0 32-14.326 32-32s-14.326-32-32-32h-96v-64h96z"
				],
				"attrs": [],
				"isMulticolor": false,
				"tags": [
					"coin-yen",
					"money",
					"cash",
					"currency-yen"
				],
				"grid": 16
			},
			"attrs": [],
			"properties": {
				"id": 277,
				"order": 8,
				"prevSize": 16,
				"ligatures": "coin-yen, money4",
				"name": "coin-yen",
				"code": 58883
			},
			"setIdx": 1,
			"setId": 1,
			"iconIdx": 18
		},
		{
			"icon": {
				"paths": [
					"M544 0l-96 96 96 96-224 256h-224l176 176-272 360.616v39.384h39.384l360.616-272 176 176v-224l256-224 96 96 96-96-480-480zM448 544l-64-64 224-224 64 64-224 224z"
				],
				"attrs": [],
				"isMulticolor": false,
				"tags": [
					"pushpin",
					"pin"
				],
				"grid": 16
			},
			"attrs": [],
			"properties": {
				"id": 307,
				"order": 19,
				"prevSize": 16,
				"ligatures": "pushpin, pin",
				"name": "pushpin",
				"code": 58892
			},
			"setIdx": 1,
			"setId": 1,
			"iconIdx": 19
		},
		{
			"icon": {
				"paths": [
					"M640 64c247.424 0 448 200.576 448 448s-200.576 448-448 448v-96c94.024 0 182.418-36.614 248.902-103.098s103.098-154.878 103.098-248.902c0-94.022-36.614-182.418-103.098-248.902s-154.878-103.098-248.902-103.098c-94.022 0-182.418 36.614-248.902 103.098-51.14 51.138-84.582 115.246-97.306 184.902h186.208l-224 256-224-256h164.57c31.060-217.102 217.738-384 443.43-384zM832 448v128h-256v-320h128v192z"
				],
				"width": 1088,
				"attrs": [],
				"isMulticolor": false,
				"tags": [
					"history",
					"time",
					"archive",
					"past"
				],
				"grid": 16
			},
			"attrs": [],
			"properties": {
				"id": 323,
				"order": 41,
				"prevSize": 16,
				"ligatures": "history, time",
				"name": "history2",
				"code": 58896
			},
			"setIdx": 1,
			"setId": 1,
			"iconIdx": 20
		},
		{
			"icon": {
				"paths": [
					"M658.744 749.256l-210.744-210.746v-282.51h128v229.49l173.256 173.254zM512 0c-282.77 0-512 229.23-512 512s229.23 512 512 512 512-229.23 512-512-229.23-512-512-512zM512 896c-212.078 0-384-171.922-384-384s171.922-384 384-384c212.078 0 384 171.922 384 384s-171.922 384-384 384z"
				],
				"attrs": [],
				"isMulticolor": false,
				"tags": [
					"clock",
					"time",
					"schedule"
				],
				"grid": 16
			},
			"attrs": [],
			"properties": {
				"id": 324,
				"order": 40,
				"prevSize": 16,
				"ligatures": "clock, time2",
				"name": "clock",
				"code": 58897
			},
			"setIdx": 1,
			"setId": 1,
			"iconIdx": 21
		},
		{
			"icon": {
				"paths": [
					"M0 64v640h1024v-640h-1024zM960 640h-896v-512h896v512zM672 768h-320l-32 128-64 64h512l-64-64z"
				],
				"attrs": [],
				"isMulticolor": false,
				"tags": [
					"display",
					"screen",
					"monitor",
					"computer",
					"desktop",
					"pc"
				],
				"grid": 16
			},
			"attrs": [],
			"properties": {
				"id": 353,
				"order": 14,
				"prevSize": 16,
				"ligatures": "display, screen",
				"name": "display",
				"code": 58884
			},
			"setIdx": 1,
			"setId": 1,
			"iconIdx": 22
		},
		{
			"icon": {
				"paths": [
					"M512 0c-282.77 0-512 71.634-512 160v128c0 88.366 229.23 160 512 160s512-71.634 512-160v-128c0-88.366-229.23-160-512-160z",
					"M512 544c-282.77 0-512-71.634-512-160v192c0 88.366 229.23 160 512 160s512-71.634 512-160v-192c0 88.366-229.23 160-512 160z",
					"M512 832c-282.77 0-512-71.634-512-160v192c0 88.366 229.23 160 512 160s512-71.634 512-160v-192c0 88.366-229.23 160-512 160z"
				],
				"attrs": [],
				"isMulticolor": false,
				"tags": [
					"database",
					"db",
					"server",
					"host",
					"storage",
					"save",
					"datecenter"
				],
				"grid": 16
			},
			"attrs": [],
			"properties": {
				"id": 381,
				"order": 12,
				"prevSize": 16,
				"ligatures": "database, db",
				"name": "database",
				"code": 58885
			},
			"setIdx": 1,
			"setId": 1,
			"iconIdx": 23
		},
		{
			"icon": {
				"paths": [
					"M728.992 512c137.754-87.334 231.008-255.208 231.008-448 0-21.676-1.192-43.034-3.478-64h-889.042c-2.29 20.968-3.48 42.326-3.48 64 0 192.792 93.254 360.666 231.006 448-137.752 87.334-231.006 255.208-231.006 448 0 21.676 1.19 43.034 3.478 64h889.042c2.288-20.966 3.478-42.324 3.478-64 0.002-192.792-93.252-360.666-231.006-448zM160 960c0-186.912 80.162-345.414 224-397.708v-100.586c-143.838-52.29-224-210.792-224-397.706v0h704c0 186.914-80.162 345.416-224 397.706v100.586c143.838 52.294 224 210.796 224 397.708h-704zM619.626 669.594c-71.654-40.644-75.608-93.368-75.626-125.366v-64.228c0-31.994 3.804-84.914 75.744-125.664 38.504-22.364 71.808-56.348 97.048-98.336h-409.582c25.266 42.032 58.612 76.042 97.166 98.406 71.654 40.644 75.606 93.366 75.626 125.366v64.228c0 31.992-3.804 84.914-75.744 125.664-72.622 42.18-126.738 125.684-143.090 226.336h501.67c-16.364-100.708-70.53-184.248-143.212-226.406z"
				],
				"attrs": [],
				"isMulticolor": false,
				"tags": [
					"hour-glass",
					"loading",
					"busy",
					"wait"
				],
				"grid": 16
			},
			"attrs": [],
			"properties": {
				"id": 506,
				"order": 3,
				"prevSize": 16,
				"ligatures": "hour-glass, loading",
				"name": "hour-glass",
				"code": 58886
			},
			"setIdx": 1,
			"setId": 1,
			"iconIdx": 24
		},
		{
			"icon": {
				"paths": [
					"M777.784 16.856c-5.576-10.38-16.406-16.856-28.19-16.856h-475.188c-11.784 0-22.614 6.476-28.19 16.856-35.468 66.020-54.216 143.184-54.216 223.144 0 105.412 32.372 204.828 91.154 279.938 45.428 58.046 102.48 96.54 164.846 112.172v327.89h-96c-17.672 0-32 14.326-32 32s14.328 32 32 32h320c17.674 0 32-14.326 32-32s-14.326-32-32-32h-96v-327.89c62.368-15.632 119.418-54.124 164.846-112.172 58.782-75.11 91.154-174.526 91.154-279.938 0-79.96-18.748-157.122-54.216-223.144zM294.1 64h435.8c24.974 52.902 38.1 113.338 38.1 176 0 5.364-0.108 10.696-0.296 16h-511.406c-0.19-5.304-0.296-10.636-0.296-16-0.002-62.664 13.126-123.098 38.098-176z"
				],
				"attrs": [],
				"isMulticolor": false,
				"tags": [
					"glass",
					"drink",
					"beverage",
					"wine"
				],
				"grid": 16
			},
			"attrs": [],
			"properties": {
				"order": 9,
				"id": 1714,
				"prevSize": 16,
				"ligatures": "glass, drink",
				"name": "glass",
				"code": 58887
			},
			"setIdx": 1,
			"setId": 1,
			"iconIdx": 25
		},
		{
			"icon": {
				"paths": [
					"M321.008 1024c-68.246-142.008-31.902-223.378 20.55-300.044 57.44-83.956 72.244-167.066 72.244-167.066s45.154 58.7 27.092 150.508c79.772-88.8 94.824-230.28 82.782-284.464 180.314 126.012 257.376 398.856 153.522 601.066 552.372-312.532 137.398-780.172 65.154-832.85 24.082 52.676 28.648 141.85-20 185.126-82.352-312.276-285.972-376.276-285.972-376.276 24.082 161.044-87.296 337.144-194.696 468.73-3.774-64.216-7.782-108.528-41.55-169.98-7.58 116.656-96.732 211.748-120.874 328.628-32.702 158.286 24.496 274.18 241.748 396.622z"
				],
				"attrs": [],
				"isMulticolor": false,
				"tags": [
					"fire",
					"flame",
					"hot",
					"popular"
				],
				"grid": 16
			},
			"attrs": [],
			"properties": {
				"id": 665,
				"order": 42,
				"prevSize": 16,
				"ligatures": "fire, flame",
				"name": "fire",
				"code": 58888
			},
			"setIdx": 1,
			"setId": 1,
			"iconIdx": 26
		},
		{
			"icon": {
				"paths": [
					"M665.832 327.048l-64.952-64.922-324.81 324.742c-53.814 53.792-53.814 141.048 0 194.844 53.804 53.792 141.060 53.792 194.874 0l389.772-389.708c89.714-89.662 89.714-235.062 0-324.726-89.666-89.704-235.112-89.704-324.782 0l-409.23 409.178c-0.29 0.304-0.612 0.576-0.876 0.846-125.102 125.096-125.102 327.856 0 452.906 125.054 125.056 327.868 125.056 452.988 0 0.274-0.274 0.516-0.568 0.82-0.876l0.032 0.034 279.332-279.292-64.986-64.92-279.33 279.262c-0.296 0.268-0.564 0.57-0.846 0.844-89.074 89.058-233.98 89.058-323.076 0-89.062-89.042-89.062-233.922 0-322.978 0.304-0.304 0.604-0.582 0.888-0.846l-0.046-0.060 409.28-409.166c53.712-53.738 141.144-53.738 194.886 0 53.712 53.734 53.712 141.148 0 194.84l-389.772 389.7c-17.936 17.922-47.054 17.922-64.972 0-17.894-17.886-17.894-47.032 0-64.92l324.806-324.782z"
				],
				"attrs": [],
				"isMulticolor": false,
				"tags": [
					"attachment",
					"paperclip"
				],
				"grid": 16
			},
			"attrs": [],
			"properties": {
				"id": 821,
				"order": 17,
				"prevSize": 16,
				"ligatures": "attachment, paperclip",
				"name": "attachment",
				"code": 58893
			},
			"setIdx": 1,
			"setId": 1,
			"iconIdx": 27
		},
		{
			"icon": {
				"paths": [
					"M512 0c-282.77 0-512 229.23-512 512s229.23 512 512 512 512-229.23 512-512-229.23-512-512-512zM704 256c35.348 0 64 42.98 64 96s-28.652 96-64 96-64-42.98-64-96 28.652-96 64-96zM320 256c35.346 0 64 42.98 64 96s-28.654 96-64 96-64-42.98-64-96 28.654-96 64-96zM512 896c-166.868 0-305.422-139.872-320-318.304 93.77 54.114 204.050 85.064 320 85.064s226.23-30.806 320-84.92c-14.574 178.438-153.128 318.16-320 318.16z"
				],
				"attrs": [],
				"isMulticolor": false,
				"tags": [
					"happy",
					"emoticon",
					"smiley",
					"face"
				],
				"grid": 16
			},
			"attrs": [],
			"properties": {
				"id": 895,
				"order": 22,
				"prevSize": 16,
				"ligatures": "happy2, emoticon2",
				"name": "happy2",
				"code": 58894
			},
			"setIdx": 1,
			"setId": 1,
			"iconIdx": 28
		},
		{
			"icon": {
				"paths": [
					"M853.376 0h-682.69c-93.876 0-170.686 76.816-170.686 170.692v682.624c0 93.93 76.81 170.684 170.686 170.684h682.69c93.874 0 170.624-76.752 170.624-170.684v-682.624c0-93.876-76.75-170.692-170.624-170.692zM960 853.316c0 28.334-11.14 55.082-31.37 75.316-20.222 20.228-46.948 31.368-75.254 31.368h-341.376v-448h-448v-341.308c0-28.308 11.15-55.050 31.396-75.296 20.244-20.246 46.984-31.396 75.29-31.396h341.314v448h448v341.316z"
				],
				"attrs": [],
				"isMulticolor": false,
				"tags": [
					"delicious",
					"brand",
					"social"
				],
				"grid": 16
			},
			"attrs": [],
			"properties": {
				"id": 1360,
				"order": 18,
				"prevSize": 16,
				"ligatures": "delicious, brand67",
				"name": "delicious",
				"code": 58895
			},
			"setIdx": 1,
			"setId": 1,
			"iconIdx": 29
		},
		{
			"icon": {
				"paths": [
					"M1024 640v384h-1024v-384h128v256h768v-256zM192 704h640v128h-640zM207.152 565.466l27.698-124.964 624.832 138.496-27.698 124.964zM279.658 308.558l54.092-116.006 580.032 270.464-54.092 116.006zM991.722 361.476l-77.922 101.55-507.746-389.608 56.336-73.418h58.244z"
				],
				"attrs": [],
				"isMulticolor": false,
				"tags": [
					"stackoverflow",
					"brand",
					"social"
				],
				"grid": 16
			},
			"attrs": [],
			"properties": {
				"id": 1363,
				"order": 16,
				"prevSize": 16,
				"ligatures": "stackoverflow, brand70",
				"name": "stackoverflow",
				"code": 58890
			},
			"setIdx": 1,
			"setId": 1,
			"iconIdx": 30
		}
	],
	"height": 1024,
	"metadata": {
		"name": "qmm"
	},
	"preferences": {
		"showGlyphs": true,
		"showQuickUse": true,
		"showQuickUse2": true,
		"showSVGs": true,
		"fontPref": {
			"prefix": "qmm-icon-",
			"metadata": {
				"fontFamily": "qmm",
				"majorVersion": 1,
				"minorVersion": 0
			},
			"metrics": {
				"emSize": 1024,
				"baseline": 6.25,
				"whitespace": 50
			},
			"embed": false,
			"ie7": true,
			"showSelector": false,
			"showMetrics": false,
			"showMetadata": false,
			"showVersion": false
		},
		"imagePref": {
			"prefix": "icon-",
			"png": true,
			"useClassSelector": true,
			"color": 4473924,
			"bgColor": 16777215,
			"classSelector": ".icon",
			"columns": 16,
			"margin": 16,
			"height": 32
		},
		"historySize": 100,
		"gridSize": 16
	}
}